id,label,confidence
00396960ae.jpg,0,0.9784677047282457
004773d4e8.jpg,0,0.9939637719653547
009b266d98.jpg,1,0.9994638562202454
009ed56c89.jpg,0,0.97742236
00a16cb3ae.jpg,0,0.9791341703385115
00dfffbd41.jpg,1,0.9996819496154785
00f5b22b0e.jpg,0,0.9985743673751131
0128a1445b.jpg,0,0.993866830598563
017c62abe5.jpg,0,0.9995336483116262
01884303fe.jpg,1,0.9995521903038025
0191b19f44.jpg,1,0.9995571970939636
01996dcce3.jpg,1,0.9995177984237671
01d6a61ef4.jpg,0,0.9802414
01f60f0dd4.jpg,0,0.9920405093580484
02164ebb34.jpg,1,0.9997362494468689
0216a78271.jpg,1,0.9994288086891174
02253429c1.jpg,1,0.9405136704444885
0230107252.jpg,1,0.9819103
023ce8816d.jpg,0,0.9987986648920923
026f145d07.jpg,0,0.9992913024616428
02885090ec.jpg,0,0.9260790422558784
02bb900252.jpg,1,0.9734562039375305
02ce9d5dba.jpg,1,0.96471214
0350f05efb.jpg,1,0.99937903881073
0363192ae1.jpg,0,0.9816392119973898
03a5a6b5ba.jpg,0,0.9791341703385115
03c01315f3.jpg,1,0.9998098015785217
03e7219604.jpg,0,0.9941214066930115
040c744779.jpg,1,0.9991620779037476
0417426dce.jpg,0,0.9990692299907096
0440f8d6cf.jpg,0,0.9796991478651762
045b5209ea.jpg,0,0.98053384
04980fc906.jpg,0,0.9996372545138001
04a668d7be.jpg,0,0.9970730748027563
04c307864e.jpg,0,0.9986005496466532
04f17ae096.jpg,0,0.9966889468487352
05087537e5.jpg,1,0.9935310482978821
05a0986da7.jpg,1,0.9997362494468689
0661bd29ce.jpg,0,0.9690168
068a45c99f.jpg,0,0.97763616
06e460ae62.jpg,0,0.9834204
06f4ebbdae.jpg,0,0.9794159
06faa7565b.jpg,0,0.9847841
06fecd325f.jpg,1,0.9900480508804321
070d8743d2.jpg,0,0.9768216
072915d6b2.jpg,0,0.98346853
0738f6bbad.jpg,0,0.98031974
074b9fde7e.jpg,0,0.9667995
0770466eb7.jpg,0,0.9815559
078f2b7777.jpg,0,0.9962247661314905
079eb0d115.jpg,0,0.9734715018421412
07b2974e83.jpg,0,0.9688777
07bc1f240e.jpg,0,0.8398855
07cba816bb.jpg,0,0.8148596733808517
07cc85df16.jpg,0,0.9924597274512053
07d1882d5c.jpg,1,0.9547635316848755
07e6e94021.jpg,1,0.9998118281364441
07f18f0c2f.jpg,0,0.967953
07fa16ee25.jpg,1,0.9832691
08309d7787.jpg,1,0.9995521903038025
0833be035d.jpg,0,0.979990491643548
085e6e0ba0.jpg,0,0.9970397590659559
08d0d85966.jpg,0,0.9996242597699165
08f99d4d05.jpg,0,0.9662393
0900581479.jpg,1,0.9935310482978821
09075e4eb4.jpg,0,0.97809887
0947e47409.jpg,1,0.9898114800453186
0995f5723d.jpg,1,0.9994807839393616
09a6caf0f8.jpg,0,0.97737485
09a90569f8.jpg,0,0.894344225525856
09bba403f1.jpg,1,0.9998476505279541
09df0b0998.jpg,1,0.9997362494468689
0a04bcf025.jpg,1,0.9978274703025818
0a04f8e80e.jpg,1,0.9995728135108948
0a17137b9e.jpg,1,0.998619556427002
0a2bc0e070.jpg,1,0.9458168
0a9796a6c2.jpg,0,0.9769034
0a995d672e.jpg,1,0.9996651411056519
0a9e43869e.jpg,0,0.9991255886270665
0a9f4a098a.jpg,1,0.9868374466896057
0aaaa59109.jpg,1,0.9611238241195679
0ab569756e.jpg,0,0.9731591
0ab66fca59.jpg,0,0.9675418
0ad120a2b4.jpg,1,0.8149715662002563
0af4231a6a.jpg,1,0.9680672883987427
0af79aef5a.jpg,0,0.995851909276098
0b164ecd3b.jpg,1,0.9709298014640808
0b16cc725a.jpg,1,0.9979817867279053
0b3622c7d0.jpg,0,0.973397
0b3edfef76.jpg,1,0.998017430305481
0b6b58929e.jpg,0,0.9999073909639264
0bc62acaa6.jpg,0,0.9947205693461001
0bc9291d18.jpg,1,0.9986164569854736
0c155b9bd3.jpg,1,0.9996731281280518
0c167be6fe.jpg,0,0.9985593047458678
0c17b1877b.jpg,1,0.9985421895980835
0c337afbc3.jpg,0,0.9982411125674844
0c5feb3b50.jpg,0,0.9999389095246443
0c7b5fdf90.jpg,0,0.9646314
0c96a375c1.jpg,0,0.9956029234454036
0ca1d2158c.jpg,0,0.9964019400067627
0ce55f354d.jpg,0,0.9611572660505772
0cf259aa93.jpg,0,0.9907272476702929
0d0b99e720.jpg,0,0.9838636
0d0e8567ca.jpg,0,0.9957011244259775
0d1e29ac61.jpg,0,0.9947506664320827
0d1eac8352.jpg,0,0.9994027935899794
0d2fc91319.jpg,0,0.97495246
0d32e69623.jpg,1,0.999901294708252
0d5b2c8acd.jpg,0,0.9915895564481616
0d63b08eb6.jpg,0,0.9993203239282593
0d8031f778.jpg,1,0.9963659048080444
0d89f2a109.jpg,0,0.9996983060846105
0d9859f804.jpg,1,0.9997432827949524
0da4b7f7bf.jpg,0,0.9999453633317898
0dcaa12b8f.jpg,0,0.9773954022675753
0de2e04a04.jpg,1,0.99951171875
0de9b27b2d.jpg,0,0.9987238554749638
0dfd6e7eb3.jpg,0,0.9992618873366155
0e03ff1494.jpg,0,0.9181409254670143
0e067dad81.jpg,1,0.991609513759613
0e1dac8ee8.jpg,0,0.9247598
0e2e9a4075.jpg,1,0.984717071056366
0e309fc90f.jpg,0,0.9766654
0e3988f485.jpg,1,0.999845027923584
0e69b276f8.jpg,0,0.9846471277996898
0ecd2f5d6c.jpg,0,0.9976048294920474
0f023761c4.jpg,0,0.999247926461976
0f10a540ae.jpg,1,0.9265859723091125
0f318c59d9.jpg,1,0.9992703795433044
0f4154b1b9.jpg,1,0.9968675971031189
0f6e4039ba.jpg,1,0.9736122488975525
0f8e6a3c9e.jpg,1,0.9995521903038025
0f9908bb76.jpg,0,0.997117000631988
0fc0f3fe24.jpg,0,0.9761863
0feb249bf5.jpg,0,0.9296617805957794
0ff20be57a.jpg,0,0.9650522
0ffe8d10b3.jpg,1,0.9286987781524658
100583df81.jpg,0,0.94788355
105cf7caa3.jpg,1,0.9995521903038025
1069e32806.jpg,0,0.9778861
109565595c.jpg,1,0.9950630068778992
10db799786.jpg,0,0.9966707013081759
1104bfa6c5.jpg,0,0.882958
111ddfa759.jpg,1,0.9935310482978821
11542befa2.jpg,0,0.9797702
115ac21dba.jpg,1,0.8879856
1168b6bc09.jpg,0,0.9984290709253401
11987fa1db.jpg,1,0.9606270790100098
119a576dc0.jpg,0,0.9978763395920396
11ae804fdc.jpg,0,0.98234195
11da738e5b.jpg,0,0.9789763
11ddd75a2d.jpg,0,0.98070335
1206892d83.jpg,0,0.9988699408713728
121e2d686e.jpg,0,0.9760833
122bdfa1cb.jpg,1,0.9361823797225952
122d6a50dc.jpg,1,0.9990828037261963
123db382fd.jpg,1,0.9872512817382812
12c09a2987.jpg,1,0.9996590614318848
12de1de52e.jpg,0,0.9990572995739058
12f1b9bffe.jpg,1,0.9998243451118469
13070dd976.jpg,0,0.9755011
136ae076b6.jpg,1,0.98222476
137508f39d.jpg,1,0.9995900988578796
1389b9fb66.jpg,0,0.9993820259114727
13d3d81444.jpg,0,0.9685714
13e44b7a9a.jpg,0,0.98005563
142825a50c.jpg,0,0.9992618873366155
1443f757a5.jpg,0,0.96887577
149ff712e0.jpg,1,0.999489426612854
14ae7c6794.jpg,1,0.9995477795600891
14b001d361.jpg,1,0.9998098015785217
14c49bf665.jpg,0,0.9944000393152237
14f37918f8.jpg,1,0.9998475313186646
152241839e.jpg,0,0.9645595
15305454bd.jpg,0,0.9669959
1565d47052.jpg,0,0.9759108368307352
156c581e9c.jpg,1,0.9995477795600891
158404b5c1.jpg,1,0.9998098015785217
158497c8b8.jpg,1,0.9918671250343323
159a540d4b.jpg,1,0.9889273643493652
161090eb2f.jpg,1,0.9998098015785217
1630bcc4df.jpg,1,0.9991607666015625
16328edc5d.jpg,1,0.9918671250343323
163b1114cb.jpg,0,0.9839549
163fff35ae.jpg,1,0.9998118281364441
164931f4a2.jpg,1,0.9734562039375305
165ea88d0e.jpg,0,0.97436744
16a75b32ce.jpg,0,0.9825451541692019
16b856e5e6.jpg,1,0.9861922860145569
16d3a4e4a1.jpg,0,0.9296617805957794
16d3cc83ae.jpg,0,0.9970358144491911
16e1180c40.jpg,0,0.97541195
1704ffaaf2.jpg,0,0.996655459748581
17308d11b6.jpg,1,0.9984216690063477
173fa4eff9.jpg,1,0.9997362494468689
174546039c.jpg,1,0.9898287057876587
1756108035.jpg,0,0.997067938093096
1758172f1d.jpg,1,0.9997439980506897
175e14550e.jpg,0,0.9812042
1762a33f25.jpg,0,0.9995874448213726
1789c2225e.jpg,1,0.9995521903038025
17c083086c.jpg,1,0.972283124923706
17c4eaf5ba.jpg,0,0.9977136983070523
17c875d5e1.jpg,1,0.9995023012161255
17cc9a335c.jpg,0,0.9619027
17cddf57c7.jpg,0,0.9766113
17d1dda86b.jpg,0,0.9999170908486121
17dc51bd53.jpg,0,0.9969209760893136
1815d971f4.jpg,1,0.9862080812454224
18353d56b0.jpg,1,0.98048204
1882d0ff9c.jpg,0,0.9208372756838799
19112ee2ec.jpg,0,0.97644913
19155e7783.jpg,0,0.9710768
19541db587.jpg,1,0.8904308080673218
19563b65b3.jpg,0,0.9844119
196f05f61d.jpg,1,0.9288220405578613
197b5c1670.jpg,0,0.97425324
19ab6610f8.jpg,0,0.9811047
19b625e26d.jpg,0,0.97394466
19d7839a9c.jpg,0,0.9824636559933424
1a0a8db74d.jpg,0,0.97476906
1a0b5321f7.jpg,1,0.9998646974563599
1a2e0563fc.jpg,0,0.9989299407461658
1a58abcc55.jpg,0,0.9791341703385115
1a73d3c2b8.jpg,0,0.9973222634289414
1a804f27e1.jpg,0,0.95947987
1a855d5a4e.jpg,1,0.9887291193008423
1aa71aa826.jpg,0,0.9910367084667087
1aacae83fa.jpg,0,0.97711474
1ae4236466.jpg,0,0.9958180161193013
1af4316145.jpg,0,0.998408229323104
1b29ca630e.jpg,0,0.9847601614892483
1b3e5c4f8e.jpg,0,0.9989023773232475
1b57059622.jpg,0,0.9947262709029019
1b68d18372.jpg,1,0.9812527298927307
1b72c6b976.jpg,0,0.9992036999901757
1b8472a89f.jpg,1,0.98493457
1b86e5315a.jpg,0,0.9913782719522715
1b8da3269e.jpg,0,0.9946001241914928
1ba690f42c.jpg,0,0.9872940452769399
1bc0904afe.jpg,1,0.9995521903038025
1bc2c7778b.jpg,0,0.9991904358612373
1bc5d5cdaf.jpg,0,0.9953756514005363
1bc9af87ca.jpg,0,0.9899699138477445
1be3bb9dab.jpg,1,0.9991620779037476
1bee130e71.jpg,1,0.999489426612854
1c1bb0bfc9.jpg,0,0.9879967384040356
1c22acbc71.jpg,1,0.98345745
1c4091907d.jpg,0,0.9913972597569227
1c42a84720.jpg,0,0.9998739542643307
1c55bc874f.jpg,0,0.9975081684533507
1c62216938.jpg,0,0.9958361508324742
1c6bd5ae34.jpg,1,0.9998098015785217
1c74d71a6c.jpg,1,0.9877508282661438
1c97eeb983.jpg,1,0.983356
1ccc85002b.jpg,1,0.9991620779037476
1ce72b685b.jpg,0,0.9974792231805623
1d0a407cf9.jpg,0,0.9787628
1d2ccd909b.jpg,0,0.993926702067256
1d3245bf6a.jpg,0,0.9985743673751131
1d8a140936.jpg,1,0.9991335272789001
1db6986fa1.jpg,0,0.9710599
1e2fb71cd6.jpg,0,0.9966889468487352
1e3bead5d8.jpg,1,0.9994871616363525
1e3ecc9a49.jpg,0,0.9662207
1e49dd3ba8.jpg,0,0.9992618873366155
1e5488ef02.jpg,0,0.8362111
1e64c4c59d.jpg,1,0.9935310482978821
1e8e99c461.jpg,1,0.9998812675476074
1ebcd0fb98.jpg,0,0.9774111
1ece69f362.jpg,1,0.96450406
1edfb173ed.jpg,1,0.9997362494468689
1ee6334a0c.jpg,0,0.994691678788513
1ee8c1c020.jpg,0,0.9987618514569476
1f229dade6.jpg,0,0.9961457075551152
1f5c5703a3.jpg,0,0.97512406
1f6691afdf.jpg,0,0.995126340072602
1f7221c307.jpg,0,0.9815549
1faacd7102.jpg,0,0.9985484253847972
1fae12e4cb.jpg,1,0.9995537400245667
1fb81ebed5.jpg,0,0.9910299675539136
1fe374a0ba.jpg,1,0.9995521903038025
1fed4260c1.jpg,1,0.9634968
1ff98be345.jpg,1,0.9227795
200e03905e.jpg,1,0.98162293
201608acfe.jpg,0,0.8911258950829506
20bb1d978b.jpg,1,0.9999370574951172
20be7f4579.jpg,1,0.95860255
20cbd87abc.jpg,1,0.9905789494514465
20d647d891.jpg,1,0.9918671250343323
20dbff9cb4.jpg,0,0.9841351
2122f8b27a.jpg,0,0.985589281655848
212e71c42a.jpg,1,0.9997029900550842
213f45b9e6.jpg,1,0.9982107877731323
2142c50482.jpg,0,0.97430307
2157ceb596.jpg,0,0.9834689
2161a8cb23.jpg,0,0.9962589379865676
216c459296.jpg,0,0.9983486951095983
21cf762f84.jpg,0,0.97906053
21e4ac1ce5.jpg,0,0.9979384164325893
21ec617c35.jpg,1,0.9998363256454468
21f9c29a82.jpg,1,0.9994993209838867
21fc5bc616.jpg,1,0.9991127848625183
22118d3012.jpg,0,0.99913121847203
22122c8ad2.jpg,1,0.9996486902236938
2218746136.jpg,1,0.9570917
221f8dc3cb.jpg,0,0.9984886505408213
222a02d062.jpg,1,0.9998413324356079
22470ef81d.jpg,0,0.9998312996322056
2291f31699.jpg,1,0.9691113829612732
2297123d87.jpg,0,0.9922612844966352
22a67c4835.jpg,0,0.9991117136087269
22a87835c1.jpg,1,0.998630166053772
22d1258912.jpg,0,0.9987894438672811
22e54fe78d.jpg,0,0.999162218591664
22eae5a295.jpg,1,0.9656317234039307
23255749fd.jpg,0,0.9754194
23255e2a5e.jpg,1,0.9943686127662659
232a42d35b.jpg,1,0.9997231364250183
2354c8bb48.jpg,1,0.9933003187179565
23683e952a.jpg,1,0.9994702935218811
2375aa19f7.jpg,1,0.9796446561813354
23aee044d6.jpg,0,0.9773358013480902
23f6299d1e.jpg,1,0.9991399049758911
2415f500d3.jpg,0,0.9783851
24232456cd.jpg,0,0.9984684647060931
243814eaab.jpg,0,0.9973915116861463
244a426a24.jpg,0,0.9985014143167064
249d1433b9.jpg,0,0.9842048
24a1fe065b.jpg,0,0.9748537
24cf08972a.jpg,1,0.98336744
24d75611f6.jpg,0,0.9855347154662013
24e3088c19.jpg,0,0.9989567029988393
24f466bb7d.jpg,0,0.9984800248639658
250412d7ce.jpg,0,0.9987483166623861
2569d1e6ee.jpg,0,0.9992618873366155
258039042b.jpg,0,0.9988965276861563
25a6e8f8c6.jpg,0,0.9991852378589101
25c8a4516f.jpg,1,0.9840879
25d3a2161e.jpg,1,0.9878677129745483
25f3dce1b0.jpg,0,0.9859873307868838
25fb3023a4.jpg,1,0.9991430044174194
261f0b6000.jpg,0,0.9825393
262f222315.jpg,0,0.9994375667884015
2646ed2066.jpg,0,0.9766565
266bdb8d70.jpg,0,0.97790134
2689dcd982.jpg,0,0.9998561759421136
26d6f09209.jpg,0,0.97754943
27127cf867.jpg,0,0.9838797561824322
272544783e.jpg,0,0.9946424113586545
2727ffff5a.jpg,1,0.9995833039283752
27304072db.jpg,1,0.9865908622741699
275f1d1dee.jpg,0,0.9919385304674506
2779022ee3.jpg,0,0.9781447
277c32741e.jpg,0,0.9989010680001229
27b66dd970.jpg,0,0.9154549613595009
27d1a10f8d.jpg,0,0.9990779999643564
27d3048627.jpg,0,0.9999073909639264
28009a149d.jpg,1,0.9835437
28302a558f.jpg,1,0.9998887777328491
28693f9aac.jpg,1,0.9691113829612732
28c3fe0a02.jpg,0,0.9427631
28cd626bf2.jpg,0,0.9999174664044403
28db2cd833.jpg,0,0.9861552
2918f01d32.jpg,1,0.9992259740829468
2929604270.jpg,0,0.9767815
292c82fb3b.jpg,0,0.9622702
2937d646ec.jpg,1,0.9997362494468689
294efba79d.jpg,0,0.9827468115836382
2983409df7.jpg,0,0.9922241703607142
29bf3e1919.jpg,0,0.9978576051071286
29ccdedf9f.jpg,0,0.86826485
2a095d30e1.jpg,0,0.9993900547851808
2a290023be.jpg,0,0.96520007
2a2ef40844.jpg,0,0.9759891
2a47b7af5b.jpg,1,0.9998098015785217
2a4cd3a7d3.jpg,0,0.9969493339303881
2a89915702.jpg,0,0.9844558
2a8d63204e.jpg,0,0.9558473
2abc42c3fa.jpg,0,0.9974792231805623
2ae9bcd35a.jpg,1,0.9686036109924316
2af729a3fd.jpg,1,0.9984413981437683
2b39d5c610.jpg,0,0.9991620669024996
2b5ded8864.jpg,1,0.9996591806411743
2b6a35dbd7.jpg,0,0.9969982982147485
2b92dfba63.jpg,0,0.9987089372007176
2b9bd9b197.jpg,0,0.97963643
2bf45593ee.jpg,1,0.9926504492759705
2cb0a5dab4.jpg,0,0.9760064855217934
2cef8de2f0.jpg,0,0.9902996988967061
2cf6e14728.jpg,0,0.9966257293708622
2cfa58c8b8.jpg,0,0.9988767693284899
2d03e4f8ad.jpg,1,0.9938308000564575
2d04bb6843.jpg,0,0.9784128
2d1fd29a84.jpg,0,0.9750161897391081
2d636ee431.jpg,1,0.9937971830368042
2d82cdca9c.jpg,0,0.9317069873213768
2d8a022a71.jpg,0,0.97101474
2da2c509c7.jpg,0,0.9781253
2dc63e9c85.jpg,1,0.9991357922554016
2dd7558ebf.jpg,1,0.9790255427360535
2e3240833c.jpg,0,0.9999120946449693
2e367f3d49.jpg,0,0.9672831
2e49686b31.jpg,1,0.9933003187179565
2e5fcd3166.jpg,0,0.9757248
2e6c9c2acd.jpg,1,0.9923479557037354
2e93b0232c.jpg,0,0.9962702875491232
2e9fde166e.jpg,1,0.9978199005126953
2ea84cbd46.jpg,1,0.892852
2eb350b4b1.jpg,0,0.9978328896686435
2ec1d29c2c.jpg,0,0.9906874839216471
2eff60564a.jpg,0,0.95728487
2f073bb84b.jpg,0,0.9635547399520874
2f2335db96.jpg,0,0.9764505
2f2d935ee5.jpg,1,0.9973811507225037
2f78959d68.jpg,0,0.9995722338499036
2f9eda3605.jpg,1,0.9833174
2fd3e5cf39.jpg,0,0.94184536
2fdf6fbc46.jpg,0,0.98322207
2fe4968a94.jpg,1,0.96531415
300246fd52.jpg,1,0.9834198
301b27d425.jpg,0,0.9931940608657897
302635639b.jpg,0,0.9946603467687964
3098a062b0.jpg,0,0.998158248141408
30b458ab12.jpg,0,0.97856116
30ca621545.jpg,1,0.9998586177825928
30f2ea6095.jpg,0,0.9808064978569746
30fc7c8527.jpg,0,0.9817889258265495
30fcc264ba.jpg,0,0.9990836479119025
311743a76d.jpg,0,0.9887713007628918
31360111aa.jpg,1,0.94760823
313f342383.jpg,0,0.9276148080825806
315708cad7.jpg,0,0.9993596826680005
318bb692c9.jpg,0,0.9734135
31c9914ad4.jpg,1,0.9994027614593506
32023da00e.jpg,0,0.9808380771428347
3205678edc.jpg,0,0.9955302281305194
32189139a2.jpg,1,0.9910731911659241
3229f6aed4.jpg,0,0.9993082880973816
322f606db2.jpg,0,0.9934212565422058
32adea5fb1.jpg,0,0.9976516687311232
32d71cc223.jpg,0,0.98365533
32e3760209.jpg,0,0.9968914245255291
33169e9064.jpg,0,0.9930937555618584
334799bd52.jpg,0,0.9963503319304436
3366495656.jpg,0,0.9990078458795324
33b2ff1a95.jpg,0,0.9996160279843025
33b4073f09.jpg,1,0.9991620779037476
33ef77ea9f.jpg,1,0.9834204316139221
33ffcb62f2.jpg,0,0.996770866215229
342e4b1474.jpg,0,0.9997001081646886
3448a2b4a1.jpg,0,0.9952347609214485
347af0af68.jpg,0,0.96903795
3491262ce1.jpg,1,0.9877508282661438
34bb0d77d5.jpg,0,0.9738598
34c2c89cba.jpg,0,0.9978576051071286
34d638479a.jpg,0,0.8220239579677582
34ea9d0ddc.jpg,1,0.9867814183235168
35bd006842.jpg,0,0.98019904
35c3912a81.jpg,1,0.9995025396347046
35caee35c5.jpg,1,0.7781676054000854
35e7f51531.jpg,0,0.9765929579734802
35f9daa99b.jpg,0,0.9823256
36132afe59.jpg,0,0.9999138757484616
3628683aea.jpg,1,0.9288220405578613
36412a3357.jpg,1,0.9998887777328491
36c93c3580.jpg,0,0.9971055295318365
36df37b35b.jpg,1,0.9995521903038025
36e529d31d.jpg,0,0.9775448739528656
36e666bf6f.jpg,0,0.9724258
3729fec7e1.jpg,1,0.9993602633476257
372c4e7b38.jpg,0,0.9766376
37358ee341.jpg,0,0.98164696
37528180ab.jpg,0,0.9790749307721853
3760de808c.jpg,1,0.9998875856399536
37765bff01.jpg,1,0.9942625164985657
378e2bee0d.jpg,0,0.9813349265605211
3793e5d14b.jpg,0,0.97083783
37acf7b884.jpg,0,0.9679639
37f2d12a21.jpg,0,0.9987691265996546
37f3f2e49f.jpg,1,0.9998098015785217
37f8b13680.jpg,1,0.9991335272789001
3850c927fb.jpg,0,0.9983486951095983
386936c040.jpg,0,0.9829442854970694
389ff89f18.jpg,1,0.9939127564430237
38b4eb0263.jpg,0,0.9907654384151101
38c8f0c22b.jpg,1,0.9969003200531006
38cb19cef8.jpg,1,0.9734562039375305
38f9a0b13d.jpg,0,0.9991192363668233
39124332b5.jpg,1,0.9997432827949524
3924cfa169.jpg,1,0.9997439980506897
39304c7968.jpg,1,0.9840593338012695
39497e32c5.jpg,0,0.98449856
3965e315f2.jpg,1,0.9997507929801941
39bcf16ff7.jpg,1,0.9838584
39c40a1766.jpg,0,0.9994414817192592
3a2064722a.jpg,0,0.9915958046913147
3a37695a4b.jpg,0,0.9980628000339493
3a4723879a.jpg,0,0.9797435
3a66919f36.jpg,0,0.97760004
3a7787b91a.jpg,0,0.9769526515156031
3a7b83a70b.jpg,1,0.9924368262290955
3a803ed08d.jpg,0,0.9974982438143343
3ab1c0073b.jpg,1,0.9986453652381897
3abf3ed34f.jpg,1,0.9488466382026672
3ac05cb5f3.jpg,1,0.9710341691970825
3aca5d26e6.jpg,1,0.9941914677619934
3ad184f28f.jpg,0,0.9995060320943594
3ad2034dee.jpg,0,0.9791341703385115
3addc90ac8.jpg,1,0.9948996901512146
3ade5073cd.jpg,0,0.9703598
3b21c6d059.jpg,0,0.97981983
3b2a1e84dd.jpg,1,0.9935310482978821
3b3310aecc.jpg,0,0.9451997019350529
3b7e305642.jpg,1,0.8857070803642273
3b7f7ba6be.jpg,1,0.9983634352684021
3b8a592619.jpg,1,0.9991335272789001
3bbe8a9e58.jpg,1,0.9981174468994141
3bc3f7e93d.jpg,1,0.9948996901512146
3bc563f9eb.jpg,0,0.97637004
3bca899e95.jpg,0,0.9941386608406901
3c69cee37f.jpg,1,0.9816497
3c81ee192c.jpg,0,0.9984587820945308
3ccf9ca631.jpg,0,0.9735954
3cf0c0f295.jpg,0,0.9992648389306851
3d0d89604b.jpg,0,0.9697548
3d2d02ef32.jpg,0,0.97370934
3d3829ecc6.jpg,0,0.9948687376454473
3d39328f1c.jpg,1,0.991647481918335
3d4907b5c2.jpg,0,0.9922597352415323
3d4d8d9f48.jpg,1,0.8904308080673218
3d99285a8c.jpg,1,0.9999301433563232
3da45e3a05.jpg,1,0.9995728135108948
3da660d2ec.jpg,0,0.9924400616437197
3daa2d19f6.jpg,0,0.9993896703817882
3db8da7b7f.jpg,0,0.9975988562218845
3dc489aec0.jpg,0,0.9970196858048439
3dcc0cdecf.jpg,1,0.8817850351333618
3e0adfb989.jpg,0,0.98033994
3e2a6b7798.jpg,1,0.8973966
3e30ae0406.jpg,1,0.9998000264167786
3e7e79c22e.jpg,0,0.9992021900834516
3e94660d3e.jpg,0,0.9843158
3ea56564f3.jpg,0,0.9985379485879093
3ea89ae634.jpg,0,0.9964615507051349
3eb27af321.jpg,1,0.9997439980506897
3ecc87e3ba.jpg,1,0.9962161183357239
3ef32302e1.jpg,0,0.9967728438787162
3f18cca124.jpg,0,0.987774109467864
3f40983155.jpg,0,0.9984735806938261
3f428fa749.jpg,1,0.9998875856399536
3f4980cb5d.jpg,0,0.9692141
3f5437b368.jpg,0,0.97885066
3fab0802ba.jpg,0,0.9986854388844222
3fcf201e47.jpg,1,0.9969953298568726
4007c14130.jpg,0,0.99223319767043
4014dd69ac.jpg,0,0.9891826482489705
4025649cf8.jpg,0,0.9992618873366155
405d029d34.jpg,0,0.9773358013480902
406b01615e.jpg,0,0.9998839539111941
406f9ab396.jpg,0,0.9557383
40e39c4f6e.jpg,1,0.98228216
4100eb3c89.jpg,1,0.9968523383140564
413ab0692a.jpg,0,0.9993338159401901
417b0eef4d.jpg,1,0.9998098015785217
417dfc44cd.jpg,0,0.9865010632202029
418a233c64.jpg,0,0.9872222384437919
41c72a1f84.jpg,0,0.9053078889846802
42250d6d18.jpg,1,0.9985350370407104
422945e8e2.jpg,0,0.9983485213015229
42523f174d.jpg,1,0.9942335486412048
426a196048.jpg,0,0.9990393945481628
429bb7eaa1.jpg,0,0.9974658193532377
42fa67f706.jpg,1,0.9809765219688416
43016cb8a1.jpg,0,0.97588855
430e1c16b4.jpg,0,0.9993665057700127
4317145611.jpg,0,0.9944421662949026
432240c7ad.jpg,0,0.96380913
433494d8f9.jpg,0,0.96522343
43372b5cef.jpg,0,0.9585053
433bf78482.jpg,0,0.9725696
4345b96940.jpg,1,0.9998098015785217
43634987fc.jpg,0,0.9997063241025899
4375db1ee8.jpg,1,0.9941936135292053
4379d0ebe1.jpg,1,0.9136756658554077
439cd40812.jpg,1,0.9995521903038025
43ba971467.jpg,1,0.9996522665023804
43e9250acd.jpg,1,0.9998013377189636
44016d2265.jpg,0,0.9761568
4404f8015c.jpg,0,0.9869640339165926
440e75dedd.jpg,0,0.9842769
4435c083cc.jpg,0,0.9851893922314048
4439d47e7d.jpg,1,0.9953102469444275
446328d5b9.jpg,1,0.9997091889381409
44878a6314.jpg,1,0.9945631623268127
4493e5e591.jpg,0,0.9991377172409557
44978bd39e.jpg,0,0.97842205
449bef3878.jpg,0,0.96495914
44a5e205ec.jpg,1,0.9986453652381897
44adffce45.jpg,0,0.97551334
44b9998075.jpg,1,0.9272353
44d23ba2a7.jpg,0,0.9997546787199099
44fcd6d370.jpg,1,0.9923424124717712
452ecad152.jpg,1,0.9854803681373596
45819c1b85.jpg,0,0.9765704
45a2fdf6af.jpg,1,0.9996925592422485
45a36f3096.jpg,1,0.9809765219688416
45b2a0ac7f.jpg,0,0.9926485139876604
45bbda8c47.jpg,1,0.985164999961853
45cdf8bb2e.jpg,0,0.9944856576621532
45e3edf57f.jpg,1,0.9439169764518738
45eb0ec094.jpg,0,0.96732247
45f27e149a.jpg,0,0.9821154251694679
46476e1966.jpg,1,0.9420890808105469
466a9dd70e.jpg,1,0.999714195728302
46730a2f04.jpg,0,0.9693253
46c76f1fee.jpg,1,0.9853841662406921
46cc2e2b03.jpg,1,0.9686036109924316
46d7143a84.jpg,1,0.992816686630249
46e63e6552.jpg,0,0.9974953671917319
46f0b73186.jpg,0,0.9830064475536346
46fceb42c2.jpg,1,0.9995477795600891
472b7342d6.jpg,0,0.9957123906351626
472fded9b4.jpg,0,0.9956008940935135
473c4a4920.jpg,0,0.980268
475bae48a2.jpg,1,0.9996975660324097
4763558671.jpg,1,0.9801494479179382
479eed6fd4.jpg,0,0.9966275682672858
47a41f5d83.jpg,0,0.9988654841436073
47aefec631.jpg,1,0.9997362494468689
47b2fa3d37.jpg,1,0.9995728135108948
47d0902d60.jpg,0,0.9844348
47f5af703d.jpg,1,0.9827738
48054d94df.jpg,0,0.9995166460284963
481f35c78f.jpg,0,0.9777294
483c4b70af.jpg,0,0.9974046547431499
4842dfafd0.jpg,0,0.9994830725481734
486bf5fe28.jpg,0,0.9833778
4871963d58.jpg,0,0.9260790422558784
4880bf011e.jpg,0,0.9991192363668233
48ad76010c.jpg,1,0.936721682548523
48f9714e88.jpg,0,0.9782631
48fedbce7c.jpg,0,0.97779053
4906f4b0a5.jpg,0,0.9296617805957794
490f1fb5fb.jpg,0,0.9986877730116248
4972537caa.jpg,0,0.9773358013480902
4999c337bf.jpg,0,0.9991822834126651
499ba53db0.jpg,0,0.9990914947702549
499fc21864.jpg,0,0.999339452420827
49a85b7879.jpg,0,0.9987408539745957
49cf798081.jpg,1,0.9985350370407104
49ec6b8ddb.jpg,0,0.96900654
4a24024885.jpg,1,0.9884122014045715
4a31407ee7.jpg,0,0.9972214316949248
4a3ce3f601.jpg,0,0.9848188376054168
4a73abcd02.jpg,0,0.9906223183497787
4a96a88566.jpg,0,0.9952324675396085
4ab36cac2c.jpg,1,0.9998098015785217
4ac97bb7bf.jpg,0,0.9967180625535548
4ae38c94fc.jpg,1,0.9709298014640808
4afb1d054b.jpg,1,0.9998639822006226
4afed03d68.jpg,1,0.9995728135108948
4b49bf8616.jpg,0,0.97328645
4b6287d75a.jpg,1,0.9566986
4b63847cb4.jpg,1,0.9980747699737549
4b8005130f.jpg,0,0.97943056
4b85e611cd.jpg,0,0.9993002564879134
4babeb4da6.jpg,0,0.9906265260651708
4bb038e327.jpg,0,0.985642
4bd7a9be6d.jpg,1,0.9973811507225037
4bf5a09e76.jpg,1,0.9935310482978821
4c06b6cea4.jpg,1,0.9991127848625183
4c299bb364.jpg,0,0.9723857
4c3d9d8da1.jpg,0,0.96874565
4cdeadf41c.jpg,1,0.9995521903038025
4cf9a5e672.jpg,1,0.999852180480957
4cfdfe323e.jpg,1,0.9999107122421265
4d04fe7e24.jpg,0,0.9759749
4d107ddc52.jpg,0,0.9817613
4d305a247b.jpg,0,0.9982689013704658
4d33dc243b.jpg,1,0.98384756
4d40b65e4f.jpg,0,0.9966535356361419
4d4fd3ef20.jpg,1,0.9995477795600891
4d66863c0a.jpg,1,0.9997063279151917
4d9d83eb1e.jpg,0,0.9994120436022058
4dc64f279d.jpg,0,0.9978773077018559
4dff4d72d0.jpg,1,0.9995521903038025
4e1c188f22.jpg,0,0.9976239681709558
4e60346e56.jpg,0,0.9973313277587295
4e8e0329cf.jpg,0,0.9943090602755547
4e9c73946a.jpg,1,0.9999034404754639
4e9c9abe81.jpg,1,0.9998098015785217
4eb44780d3.jpg,0,0.9994427961646579
4ec2ba1b03.jpg,0,0.97669876
4ec6baae08.jpg,0,0.9962619810830802
4ec8e09b10.jpg,0,0.7879323
4ee2168f36.jpg,1,0.9996949434280396
4ef54ef5cf.jpg,0,0.9935520654544234
4f165ae67b.jpg,1,0.8059149384498596
4f9a8c3c65.jpg,0,0.9835792
4faf0d51d8.jpg,0,0.98158413
4fd89d7821.jpg,0,0.9935342008247972
4fe6eeb2b3.jpg,1,0.9738805890083313
4fe7adf7bc.jpg,0,0.894344225525856
4fefa66549.jpg,1,0.98507106
502aa881b9.jpg,0,0.9994458732544445
5056d1f7c1.jpg,1,0.9998098015785217
505c43c216.jpg,0,0.96351343
50a9ebf6e1.jpg,0,0.9993813782348298
50e99e414e.jpg,1,0.9995521903038025
50ef0bbe1f.jpg,0,0.9933354104869068
50efa893df.jpg,1,0.97987694
5107faacb0.jpg,0,0.9659561
510f670c83.jpg,0,0.9997920972818974
515bf5e405.jpg,0,0.9765831
515ea5fe29.jpg,1,0.9998001456260681
517e470824.jpg,0,0.9803148005157709
5194f2cf36.jpg,0,0.97224313
51a5f3e00d.jpg,0,0.9773358013480902
51d772e2b6.jpg,1,0.9916796088218689
51dd9eaa5c.jpg,0,0.9999015349021647
5224859135.jpg,0,0.988259787671268
523c440938.jpg,0,0.97970337
527cc422de.jpg,0,0.9979314275551587
5283baebc4.jpg,1,0.9998887777328491
528dee1b95.jpg,1,0.9994035959243774
52a718c53c.jpg,1,0.999714195728302
52acf337d1.jpg,1,0.9991620779037476
52ae0f8d19.jpg,1,0.9728012084960938
52bb301c47.jpg,0,0.97624093
52e11a56ac.jpg,1,0.9997362494468689
52fd89d32c.jpg,0,0.97805405
535460d9b5.jpg,0,0.9714091
5362e8562c.jpg,1,0.9975224137306213
53796925a5.jpg,0,0.9990245482185856
537d954dc0.jpg,1,0.9992979764938354
5390fcec4b.jpg,0,0.9775753
53973cf622.jpg,0,0.9905760576948524
53a56fb9c4.jpg,1,0.9993797540664673
53c2a5632c.jpg,0,0.983257
53dcfcbd7a.jpg,0,0.9934430662542582
53efd23976.jpg,0,0.9871436320245266
54334248b4.jpg,0,0.97779673
5461ada0f9.jpg,0,0.98245496
5484b637f1.jpg,1,0.9995521903038025
548a4a3cf6.jpg,0,0.9920206042006612
54d1e44e60.jpg,0,0.9804166
54d6fc6494.jpg,1,0.9906452894210815
54e995afc3.jpg,1,0.9892483949661255
54eea3a210.jpg,1,0.9686036109924316
550646641e.jpg,0,0.9737584
55109efccc.jpg,0,0.9973115492612123
553167e52c.jpg,1,0.9995477795600891
5549556d9f.jpg,1,0.9998098015785217
5550f58780.jpg,0,0.97634935
555d0d8821.jpg,1,0.9738805890083313
5561496917.jpg,0,0.9844137988984585
55702735d1.jpg,0,0.9582506
55d40012db.jpg,0,0.9626745
55dd395674.jpg,1,0.9878677129745483
55eb3e890e.jpg,1,0.9995477795600891
55f60a5d4b.jpg,1,0.9994762539863586
55fadc28cd.jpg,1,0.9997149109840393
561b828208.jpg,1,0.9911036491394043
5621a4cd91.jpg,0,0.9999136824553716
563ee34d37.jpg,1,0.9986120462417603
56450cb5c7.jpg,0,0.978408
56580d7f84.jpg,0,0.9802428
56722beac3.jpg,0,0.9775578
5675b57dca.jpg,1,0.9849828
5695be435f.jpg,1,0.9416738748550415
56f3679673.jpg,1,0.9993318915367126
56fc4c759b.jpg,0,0.998722942895256
57054c4862.jpg,1,0.9998044371604919
570abf7455.jpg,0,0.9978773077018559
57169f273a.jpg,1,0.9998542070388794
572ed0a7ce.jpg,0,0.999686025432311
576578e287.jpg,0,0.9956283527426422
57c61676b5.jpg,1,0.9917816519737244
57cccbb091.jpg,1,0.9897066354751587
57cfe834c7.jpg,1,0.9998546838760376
57d58eee2a.jpg,0,0.9998931272129994
57da558694.jpg,0,0.9674869
57fba19bee.jpg,1,0.9993988275527954
57fbedd56b.jpg,0,0.98163486
580e5f58b1.jpg,1,0.9738805890083313
58265c2269.jpg,0,0.9992870955611579
5841ba4e8f.jpg,0,0.9958690502680838
5845260f07.jpg,0,0.9983486951095983
585c3c85ae.jpg,0,0.9719883
586b297b87.jpg,0,0.9802004657685757
58e2c5db17.jpg,0,0.9995786834333558
5908923186.jpg,0,0.993497914634645
59105d02fe.jpg,0,0.974209
59619cacd6.jpg,0,0.9780658
59729ac2ac.jpg,0,0.9983486951095983
599abe3543.jpg,1,0.9934509992599487
599be77956.jpg,0,0.9784654
599e2f535a.jpg,1,0.9835179
59a4a72e6f.jpg,0,0.98098147
59a5ff370a.jpg,0,0.999567000893876
59e698822f.jpg,1,0.9935310482978821
5a2c72f10c.jpg,1,0.9902970194816589
5a32fb4c77.jpg,0,0.9839663
5a3c13c689.jpg,0,0.9992722371243872
5a44234fff.jpg,0,0.9803125
5a5ee16e44.jpg,0,0.9767716
5a6572fc77.jpg,0,0.97942734
5a7633c105.jpg,0,0.9992225617170334
5a8f38864c.jpg,1,0.9641067385673523
5a9637a6e8.jpg,1,0.993718147277832
5b06c4b467.jpg,0,0.9993291628197767
5b3700a894.jpg,0,0.9999379318105639
5b3e5607fe.jpg,0,0.9667181
5b5d5b9f12.jpg,0,0.9868086604401469
5b6fc89ae7.jpg,1,0.9998260140419006
5b7b1ecd9c.jpg,0,0.971631595864892
5b7baf124f.jpg,0,0.9670176
5b83a06c1a.jpg,1,0.9945608973503113
5b982b76ce.jpg,0,0.887125
5babad6e64.jpg,1,0.9986453652381897
5bdc707a9a.jpg,0,0.9958861987106502
5c0790d280.jpg,0,0.9915307248011231
5c2c2d25f5.jpg,0,0.9800639
5c6320fa1f.jpg,0,0.9965911190956831
5c8556e60e.jpg,0,0.8644442
5c8e48d4ea.jpg,0,0.9996493020735215
5c9f8ae98b.jpg,0,0.97363144
5ca513ebef.jpg,1,0.8817850351333618
5ccd6f1521.jpg,0,0.8528749
5d033713d7.jpg,0,0.9962923105340451
5d3cb33007.jpg,0,0.9986005496466532
5d4f922e25.jpg,0,0.9182383
5d72037b41.jpg,0,0.9157351
5d90a527e2.jpg,0,0.9647293
5dc35b8474.jpg,1,0.994668185710907
5e1c6eb722.jpg,0,0.9907247768715024
5e32dd177e.jpg,0,0.9768907818943262
5e380d79b0.jpg,0,0.9978576051071286
5e6693247f.jpg,1,0.9997439980506897
5e6da3036d.jpg,0,0.9999206270586001
5e87156f34.jpg,0,0.9774264059960842
5e93cac4cc.jpg,1,0.9998283386230469
5f09106acc.jpg,0,0.9828792605549097
5f448bbdbd.jpg,0,0.995297132525593
5f8a3c6aaa.jpg,1,0.9996522665023804
5fb2446fe6.jpg,0,0.97815347
5fc3c19ee1.jpg,1,0.8947631
5fce938689.jpg,1,0.9924368262290955
5fef4a56a3.jpg,0,0.97290176
6007ea260b.jpg,0,0.9983613902004436
6010595f70.jpg,0,0.9987065729219466
603686352f.jpg,1,0.9999176263809204
604a40eeaa.jpg,0,0.9878751989454031
604f1e7de8.jpg,1,0.9995902180671692
60f2ee3cd6.jpg,1,0.9996283054351807
60f3ab1d7e.jpg,0,0.9977794790174812
60ff03811e.jpg,1,0.9987875819206238
60ff633a89.jpg,1,0.9995477795600891
610958bb26.jpg,1,0.9994871616363525
611411ab89.jpg,0,0.9984415011713281
611b7ec781.jpg,0,0.9995283021125942
615ff1be04.jpg,0,0.98859818931669
617ad0f5d2.jpg,1,0.9995521903038025
61a25ffedb.jpg,1,0.98137695
6205b9f7d6.jpg,0,0.9993637787410989
62163af2f5.jpg,0,0.9988654841436073
6220266c51.jpg,1,0.9840195
62216dfc98.jpg,1,0.9773615002632141
622737ee93.jpg,1,0.9943764209747314
62580d598f.jpg,1,0.9973840117454529
6259b79e15.jpg,1,0.9931777715682983
625f87673f.jpg,1,0.9995521903038025
62647688e4.jpg,0,0.9678707
627184c4a3.jpg,1,0.9989703893661499
62c43c4b1b.jpg,1,0.9991620779037476
62c5b268ef.jpg,1,0.9998875856399536
62ec7d46a0.jpg,0,0.9942411300726235
6382950826.jpg,1,0.9978111386299133
63a5f91e4f.jpg,0,0.994346568826586
63c471cfdc.jpg,0,0.9978540425654501
640340753c.jpg,1,0.9995833039283752
6404655d61.jpg,0,0.9984098562272266
646ef2d524.jpg,0,0.97811127
647b9ea6ad.jpg,0,0.98118824
647dffdb16.jpg,0,0.999418010993395
64d31da854.jpg,0,0.9996085236198269
64ec74f155.jpg,0,0.9977546208538115
64ed5a4a4f.jpg,0,0.98422897
6507d49e3c.jpg,0,0.9989180626580492
650ea4b039.jpg,0,0.9952369877137244
653fe0a05a.jpg,0,0.9985163263045251
6541f5e75a.jpg,0,0.9996236582228448
65571f596a.jpg,1,0.9361823797225952
6562020c62.jpg,1,0.9998098015785217
6564c8229d.jpg,1,0.9652027487754822
657eee7819.jpg,1,0.9076106
65a9ccf2ca.jpg,0,0.8928951397538185
65bee0869d.jpg,1,0.9994860887527466
66280a3461.jpg,1,0.9942335486412048
662ba68e9a.jpg,0,0.9993099259445444
668f80d09a.jpg,0,0.9981505972100422
66d6785458.jpg,1,0.9999291896820068
66f5142aed.jpg,1,0.9993020296096802
67302d6723.jpg,1,0.9995521903038025
677215836b.jpg,0,0.97824097
6786ca2f67.jpg,1,0.9896129965782166
67897544bb.jpg,1,0.9334022998809814
67d73db5c2.jpg,0,0.9950269740074873
682c84c453.jpg,1,0.9995521903038025
683db1c82c.jpg,1,0.9997362494468689
689ba08582.jpg,0,0.9996369007276371
68a785cd1c.jpg,0,0.9984735806938261
68b97f9675.jpg,1,0.9999339580535889
68d361ac58.jpg,0,0.894344225525856
68ebe4f77b.jpg,1,0.9906715154647827
6937dfcfc5.jpg,0,0.9881352568045259
696388577d.jpg,0,0.9968527462333441
69769207d2.jpg,0,0.9829858131706715
69a4f57724.jpg,1,0.9997432827949524
69d50ed39d.jpg,0,0.9996717539033853
6a0ad72c34.jpg,1,0.9997544884681702
6a11d2a6be.jpg,0,0.9984800248639658
6a237c7766.jpg,0,0.99223319767043
6a3b1d75ca.jpg,0,0.9947506664320827
6a4748212b.jpg,1,0.999489426612854
6a7c467fde.jpg,1,0.9996522665023804
6aa6958b0d.jpg,0,0.98156124
6abc55b658.jpg,0,0.9993811002350412
6ae267d578.jpg,0,0.9998627999593737
6ae32c20bf.jpg,0,0.996912554372102
6af33d757d.jpg,0,0.9773357
6b1004c5d2.jpg,0,0.9317069873213768
6b274e983e.jpg,1,0.9996416568756104
6b2e9de95d.jpg,1,0.9935310482978821
6b4f41fd22.jpg,0,0.999285556434188
6b813d63f8.jpg,1,0.9734562039375305
6b9fa95e31.jpg,0,0.97007006
6ba0506d24.jpg,0,0.9968435340560973
6bab379da9.jpg,0,0.9978470203932375
6bbfe41e88.jpg,0,0.9959780317731202
6bda950799.jpg,1,0.98125076
6bf86a7d0d.jpg,0,0.9843015
6c0280b34b.jpg,0,0.9630127
6c2f605fd5.jpg,0,0.9960760972462595
6c5fc2ebc3.jpg,0,0.9967219063546509
6c78c24b20.jpg,0,0.9776658862829208
6ca4812477.jpg,0,0.9989211318315938
6cb6fb4700.jpg,1,0.9911823272705078
6cbb111422.jpg,1,0.999489426612854
6cef7ef646.jpg,0,0.9856834607198834
6d59103c20.jpg,0,0.9666384
6d5b1a243a.jpg,0,0.9884931147098541
6d663126d7.jpg,0,0.9983273558318615
6d77c0d224.jpg,0,0.9427037835121155
6d83deca17.jpg,0,0.9786011
6d8ac8cc05.jpg,0,0.96493375
6d97c5dac0.jpg,1,0.9971221089363098
6da9148167.jpg,1,0.9890628457069397
6db7d9c941.jpg,0,0.97843593
6dbe6ef8ac.jpg,0,0.9998975783310016
6dd12791fd.jpg,0,0.9966889468487352
6e001dec60.jpg,1,0.9998693466186523
6e06d921e0.jpg,0,0.9778012353926897
6ea876ec34.jpg,0,0.9790681581944227
6eaea3ef6b.jpg,0,0.9647512
6eb8135c9a.jpg,1,0.9935310482978821
6ed81fab46.jpg,0,0.9741073
6ef2a5399d.jpg,1,0.9908850789070129
6ef5712f43.jpg,0,0.9816558
6f1077d4cd.jpg,1,0.9795741
6f4f3f4ef2.jpg,0,0.9260790422558784
6f576b06e9.jpg,0,0.9802004657685757
6f82b572a9.jpg,0,0.9950259616598487
6fa1d7a1a6.jpg,0,0.9983486951095983
6feb031ef9.jpg,0,0.9983486951095983
6feedbded6.jpg,1,0.9686036109924316
7010db187d.jpg,0,0.9998702197626699
703b81bca6.jpg,1,0.9995889067649841
7053fee0ef.jpg,1,0.9996151924133301
706f8628bb.jpg,0,0.9743658
7086f12ee2.jpg,0,0.9989747089566663
708a004dfc.jpg,1,0.9996691942214966
70cda0eb7b.jpg,1,0.9734562039375305
70efcbfeff.jpg,0,0.9986135638318956
70facfbe41.jpg,0,0.9827725
70fcf2cecc.jpg,0,0.9941072859801352
71107b16b6.jpg,0,0.9947157772257924
71137abb44.jpg,1,0.9887171983718872
71197dab39.jpg,0,0.9794885
714ee00131.jpg,0,0.9997402143781073
7173baa3c3.jpg,1,0.9992380142211914
71d19f7214.jpg,0,0.9973737660329789
71df03c982.jpg,0,0.9741751
71e4962cc9.jpg,1,0.9992870688438416
71f6df4225.jpg,1,0.9909605383872986
71fd9e0aff.jpg,1,0.9995521903038025
720548a349.jpg,0,0.95259523
72090a0986.jpg,0,0.9999336196269724
7212e9b66d.jpg,0,0.9999336972541641
721df9c75b.jpg,1,0.9920046925544739
7225c669e9.jpg,1,0.9995477795600891
723b41ca1e.jpg,0,0.9996220527100377
72a8f7fbd1.jpg,0,0.990602346137166
72b49b87b2.jpg,0,0.9790388
72cd049fd3.jpg,0,0.9989067415008321
72e1349808.jpg,0,0.9797816
72eb61126f.jpg,0,0.9814030304551125
72eb9a96ad.jpg,1,0.9995521903038025
7330de4fb6.jpg,1,0.9995521903038025
733885ccd4.jpg,0,0.9843641
7378849e75.jpg,1,0.9998098015785217
73900a9da9.jpg,1,0.9996590614318848
73a4a7efa1.jpg,0,0.9986135638318956
73a8b639b4.jpg,0,0.997808760497719
73cf2c707e.jpg,0,0.9997280855604913
73d8317b84.jpg,1,0.98502904
73fa08e03a.jpg,1,0.9997362494468689
7442a33fab.jpg,1,0.9247095584869385
746ca7f820.jpg,1,0.9944778680801392
747606227a.jpg,1,0.9991620779037476
747736304f.jpg,0,0.9969982982147485
747824bc9f.jpg,0,0.9999384369366453
747dba50f9.jpg,0,0.9724878948181868
74a7258097.jpg,1,0.98495495
74c1ed29c3.jpg,0,0.9983391010900959
74cd452f1b.jpg,1,0.9994643330574036
74da8a1706.jpg,1,0.993718147277832
74f3c431b6.jpg,0,0.97215724
752630b0d7.jpg,1,0.9995521903038025
7531ce4f0b.jpg,0,0.98091906
753aa7fbfc.jpg,0,0.9763867
7570441206.jpg,1,0.9986178874969482
757a38c53d.jpg,0,0.9901120625436306
758162410c.jpg,1,0.9998887777328491
75943a3eaf.jpg,0,0.999019198701717
762c8b19e6.jpg,0,0.979191
762cecb81c.jpg,0,0.9662706
763219a27c.jpg,1,0.934146523475647
76347f219d.jpg,1,0.9991607666015625
77195039eb.jpg,0,0.9983486951095983
773322ec52.jpg,0,0.9953697519376874
777e3b36e6.jpg,0,0.9984218860045075
779ecd70c1.jpg,1,0.9997362494468689
77b8e14264.jpg,1,0.9490926861763
77c8edce91.jpg,1,0.9818657
781b4f831b.jpg,0,0.9773358013480902
783875dca7.jpg,0,0.9980588307371363
785c59ee48.jpg,0,0.988382232375443
791a05667b.jpg,0,0.9633831
794434d3a5.jpg,0,0.9983486951095983
794bf151d5.jpg,1,0.9784922
79661bdd2f.jpg,0,0.9989778660237789
798964ade2.jpg,0,0.9978470203932375
79b4bad291.jpg,1,0.9853789806365967
79c590f0a3.jpg,1,0.9989286065101624
79dc6b1890.jpg,0,0.9969074632972479
7a3cb9daa8.jpg,0,0.9999297030371963
7a8182a537.jpg,1,0.9997465014457703
7abcc0af16.jpg,1,0.991733193397522
7ac186aeff.jpg,1,0.9247095584869385
7b1c18fc7a.jpg,0,0.9781147
7b1cbbbd5b.jpg,0,0.96105844
7b68b79100.jpg,0,0.9823186
7b87b1c629.jpg,1,0.9934509992599487
7b994b3a55.jpg,1,0.9709298014640808
7bb54db2db.jpg,1,0.9995571970939636
7bb5808f5c.jpg,0,0.9773358013480902
7be6e51beb.jpg,0,0.9768538
7bf106744f.jpg,0,0.9999184137923294
7c1054f9e2.jpg,1,0.9809579253196716
7c132670a3.jpg,0,0.9275861978530884
7c472e48ca.jpg,0,0.89811504
7c604af06a.jpg,1,0.9998891353607178
7c808b0587.jpg,1,0.9995728135108948
7ce3de4ac7.jpg,0,0.9989626139868051
7ceb4d976f.jpg,1,0.8922518
7d111838b9.jpg,0,0.9795837
7d61f1d4c0.jpg,0,0.9992226339527406
7d721c4ea4.jpg,0,0.9936418756842613
7d99dbc4fb.jpg,0,0.9996244801441208
7dada9d5db.jpg,1,0.9976003766059875
7dfd187dc5.jpg,0,0.9772076
7e1c35f2e6.jpg,0,0.9993990891380236
7e4202d1e4.jpg,0,0.9947402882389724
7e6f4decce.jpg,1,0.9579542279243469
7e7ecbab1f.jpg,1,0.991609513759613
7e7efd020b.jpg,1,0.9997362494468689
7ea4bcfb18.jpg,1,0.9425349235534668
7eb11b32e3.jpg,1,0.6043927073478699
7ed377032b.jpg,1,0.9997439980506897
7f4b5540d0.jpg,0,0.9830493
7f7397bfb1.jpg,0,0.9678632
7f96672c67.jpg,0,0.9743976201862097
7fb3ce5b1b.jpg,1,0.9997362494468689
7fcc77a60d.jpg,0,0.9849455468356609
7fd81c725c.jpg,0,0.98305213
7fec7dd7a9.jpg,0,0.9970445192884654
80078cb29d.jpg,1,0.9995521903038025
806875fc87.jpg,1,0.9964972138404846
8080167d70.jpg,1,0.8718588352203369
809df45153.jpg,0,0.9958035070449114
8107b366de.jpg,1,0.9998887777328491
8116e6be24.jpg,1,0.9610083103179932
8122704f31.jpg,0,0.9984511178918183
8135847ca6.jpg,0,0.9764122
8142f2e1be.jpg,0,0.97257185
8142f5f71b.jpg,0,0.998528934433125
814c22231c.jpg,1,0.9886367917060852
816da92cdd.jpg,1,0.98452026
81bca95546.jpg,0,0.9984800248639658
81c00bf843.jpg,1,0.9981704950332642
8209792b20.jpg,1,0.9988417029380798
82160b2388.jpg,0,0.9715837
82235292e5.jpg,1,0.98373336
823453b1bb.jpg,0,0.9788169
826db4830a.jpg,1,0.9997439980506897
82709ed74f.jpg,1,0.7580293416976929
8271bebf8f.jpg,1,0.8718588352203369
827d42331c.jpg,0,0.9978438627440482
8282f3f94e.jpg,0,0.9985950165428221
828e62fb9e.jpg,1,0.9540960192680359
8291259cea.jpg,0,0.9773358013480902
829de773d5.jpg,1,0.9934509992599487
82aba07269.jpg,1,0.993736982345581
82b19a084b.jpg,0,0.9972812405321747
82b32e6d57.jpg,0,0.9985743673751131
82b43fe1c6.jpg,1,0.9997439980506897
82b7e24a82.jpg,1,0.9996614456176758
82bdce019c.jpg,1,0.9998095631599426
82c6ab3d9f.jpg,1,0.9997867941856384
82ce270cb4.jpg,1,0.9994556307792664
82eb8b801a.jpg,0,0.9976627447176725
8319dc5c6e.jpg,0,0.9673148
831d16f948.jpg,1,0.9995521903038025
832345bd53.jpg,0,0.9649495
8325fca332.jpg,1,0.999489426612854
8344a32e1f.jpg,0,0.9902387578040361
8380b8cbd3.jpg,0,0.9668133
8385a81a46.jpg,0,0.9984886505408213
838897176b.jpg,1,0.9996283054351807
83bd2c8b13.jpg,0,0.96403086
83d19e2772.jpg,0,0.9912243923172355
83f2e34858.jpg,0,0.9992989826132543
83fc831f68.jpg,1,0.8718588352203369
8405c93e65.jpg,0,0.9959297170862556
843567a105.jpg,0,0.9296617805957794
8480694627.jpg,0,0.9985037812730297
848071e4b7.jpg,1,0.9985815286636353
84ba88b4b0.jpg,1,0.9989099502563477
84ef52dd3f.jpg,0,0.9987776181660593
8500335440.jpg,0,0.9959782459773123
8507c4e99c.jpg,1,0.98377407
851d0f929f.jpg,0,0.97438884
852d79ceeb.jpg,0,0.997462234692648
853c860412.jpg,0,0.9868475226685405
85492e3e6d.jpg,1,0.9935310482978821
8553d346e6.jpg,1,0.98166925
85645dadb2.jpg,1,0.9998847246170044
857ebb2779.jpg,0,0.9753322
8594caca87.jpg,1,0.9748846888542175
85a1996969.jpg,0,0.9917094483971596
85adb11529.jpg,1,0.9995833039283752
85fa3516da.jpg,0,0.9988265812862664
861a1dbcf3.jpg,0,0.9947506664320827
861f552386.jpg,0,0.97288585
86a9a55bb8.jpg,1,0.9992979764938354
86b31415e7.jpg,0,0.9665011651813984
8702671945.jpg,1,0.9995021820068359
8712749852.jpg,1,0.9988445043563843
87172ebd62.jpg,0,0.9985717412782833
872f865fed.jpg,1,0.9827135801315308
87488a48c6.jpg,0,0.98200274
87787499ec.jpg,1,0.9995477795600891
8782e45ea9.jpg,0,0.9999073909639264
879ecfd92e.jpg,0,0.9792238809168339
87ee1b2000.jpg,0,0.9984243138460442
880c353d94.jpg,0,0.9975891427602619
8811a5d375.jpg,1,0.9018419981002808
883a8646a6.jpg,0,0.9966889468487352
889596ec56.jpg,0,0.9966226767282933
88bdaa1a32.jpg,0,0.9966889468487352
88ca29ab21.jpg,0,0.9997086613439023
88d3e3f227.jpg,0,0.9704179
88f69f06d0.jpg,1,0.9927470088005066
890a07bd22.jpg,0,0.96503973
8914349ba5.jpg,1,0.9988412261009216
891541a85e.jpg,1,0.9991056323051453
895a7f7b4b.jpg,0,0.9964665290899575
895be250cd.jpg,0,0.9814036
89b62290fd.jpg,1,0.9843278
89e577b00a.jpg,1,0.9988794922828674
8a1947c9c5.jpg,0,0.9991163274971768
8a27b3500b.jpg,0,0.97881407
8a2b99d062.jpg,0,0.9098533
8a4316b5ec.jpg,0,0.9766675
8a83bbbd64.jpg,0,0.9978576051071286
8ac9656870.jpg,1,0.994742751121521
8adc37ca00.jpg,0,0.9671518
8b675ce572.jpg,0,0.95091844
8b70b333f8.jpg,0,0.9636201
8b766ce0d7.jpg,1,0.9997362494468689
8bb1e1107e.jpg,1,0.9831162095069885
8bc65f29b2.jpg,0,0.9965788456611335
8be38620db.jpg,1,0.9888913631439209
8bf5241e18.jpg,0,0.9741302020847797
8c25224d47.jpg,1,0.98221004
8c28b7a86b.jpg,0,0.9987099654972553
8c52c46b21.jpg,0,0.997089565731585
8c6f1f98bd.jpg,0,0.994346568826586
8c91b3a394.jpg,0,0.9512489028275013
8cb79fa021.jpg,0,0.9984886505408213
8cc932f492.jpg,0,0.9985743673751131
8d287843b0.jpg,0,0.9980628000339493
8d3c646862.jpg,1,0.98322994
8d67296ebc.jpg,0,0.9911940535530448
8d766447f8.jpg,0,0.9956557848490775
8d951c8abb.jpg,1,0.9976194500923157
8da553ab02.jpg,0,0.9993291628197767
8da7d2ad40.jpg,0,0.993851759005338
8db8680806.jpg,0,0.9783931
8db90b3774.jpg,1,0.9935310482978821
8dccbcfcd8.jpg,0,0.9965772000141442
8dfc402473.jpg,0,0.9947458137758076
8e1ded26d7.jpg,0,0.98450494
8e2089b29e.jpg,0,0.9773358013480902
8e46188f51.jpg,1,0.9722954034805298
8e4ec27bb3.jpg,1,0.9954627156257629
8e50e8673f.jpg,0,0.9995593626517802
8e75f1fc1d.jpg,1,0.9994871616363525
8e789273a4.jpg,0,0.97970486
8e9db0957c.jpg,1,0.9991323351860046
8eaf9259e0.jpg,0,0.9992241425788961
8eb57dc4ef.jpg,0,0.9969074632972479
8ec04733cd.jpg,1,0.9901461005210876
8eceb7b3dd.jpg,1,0.9748846888542175
8edb020386.jpg,1,0.9931650757789612
8edd082f9a.jpg,1,0.98376817
8ee00ac76c.jpg,1,0.9988113641738892
8f25f09373.jpg,1,0.9878677129745483
8f38bcdeb4.jpg,1,0.9993059635162354
8f5a9c7ce9.jpg,0,0.9913811692968011
8f5ea79688.jpg,1,0.9939336180686951
8f83dd5881.jpg,0,0.979542
8f95bdc91e.jpg,1,0.9935310482978821
8fbe0640cf.jpg,0,0.9802004657685757
8fd8f35995.jpg,1,0.9705649018287659
907ed81d57.jpg,0,0.9964271949138492
90ac587a48.jpg,0,0.96852803
90b69c42ef.jpg,0,0.98365384
90e175a87a.jpg,0,0.994571028277278
9105485aee.jpg,0,0.9957123906351626
9107c85abc.jpg,1,0.9995521903038025
914ee3654c.jpg,0,0.9743556
91d93bb89b.jpg,0,0.97929436
9218195de0.jpg,0,0.9993163656909019
921d8d139c.jpg,0,0.9996687182283495
92303f2d31.jpg,1,0.9918698072433472
9240478d88.jpg,1,0.9734562039375305
92682f9e22.jpg,0,0.986809522844851
928f53cc0f.jpg,0,0.9986005496466532
92a1ea8997.jpg,0,0.9603962
92ac66a834.jpg,1,0.9986453652381897
92ad28a7fb.jpg,0,0.9763307
92b4328c1b.jpg,1,0.93633693
92be92b793.jpg,0,0.9990108029451221
92cd6f57e8.jpg,0,0.9999077251413837
92db7d5fe7.jpg,0,0.9371491
9328023c65.jpg,1,0.9998363256454468
938101c730.jpg,1,0.9996434450149536
93a0ef6c50.jpg,0,0.9317069873213768
93b40311c7.jpg,0,0.9992602913989685
93bc1e32d4.jpg,1,0.999830961227417
93c20eaab6.jpg,0,0.9726995583623648
94cc8b22d5.jpg,0,0.9980390125419945
94ebecb4f8.jpg,0,0.97479886
94f1528659.jpg,0,0.9998658896802226
9574816d37.jpg,0,0.9966889468487352
958eb47d00.jpg,0,0.9991085900692269
95dc287836.jpg,0,0.9791676
95e1535f05.jpg,1,0.9995521903038025
95eef91b37.jpg,0,0.9992618873366155
95fca26706.jpg,0,0.97506374
960b0fb619.jpg,0,0.9742288
9612020650.jpg,0,0.9991422554594465
964a038e0d.jpg,0,0.9691878
96633876c7.jpg,0,0.9779571
966efc611e.jpg,0,0.9611845
967ca3579f.jpg,0,0.9996220527100377
969abf1c80.jpg,0,0.9992618873366155
9706b4b877.jpg,0,0.9987212498672307
9723b72293.jpg,0,0.9976300606504083
9741bb1e44.jpg,1,0.9900487661361694
977d9c827b.jpg,0,0.9794811
97c2632c8e.jpg,0,0.9986005496466532
97f738cab8.jpg,0,0.97078776
9808ffd92a.jpg,0,0.9935254156589508
981cf537ac.jpg,0,0.9989709850633517
98207ad0b4.jpg,1,0.9888285994529724
9825f4c807.jpg,0,0.9970699809491634
9837ff3716.jpg,1,0.9993988275527954
98650c5640.jpg,1,0.9996800422668457
986f497b40.jpg,0,0.9997505373321474
9871c56736.jpg,0,0.9777294
989ae6c696.jpg,1,0.97189224
98af5407dd.jpg,0,0.9970445192884654
98d31b37e2.jpg,0,0.9989665764151141
98e85fa4d5.jpg,1,0.9998586177825928
99105a2c5d.jpg,0,0.96462303
992565f76d.jpg,0,0.9898772835731506
9936e40c2d.jpg,0,0.9845477
99396c4a2b.jpg,1,0.9972877502441406
996237dd3a.jpg,1,0.9991620779037476
9997cccd02.jpg,0,0.9969757874496281
99a1af480f.jpg,1,0.9976003766059875
99a3e77b75.jpg,0,0.9773358013480902
99cb7a7e7a.jpg,0,0.998733019339852
9a6955b6ae.jpg,1,0.9749681949615479
9a73c3c35a.jpg,1,0.999828577041626
9a9f29d582.jpg,1,0.9994871616363525
9acb03bfbc.jpg,0,0.9972075945697725
9ae699b4d6.jpg,1,0.9998013377189636
9aecde304d.jpg,1,0.9992678761482239
9b024262c4.jpg,1,0.9982107877731323
9b1904c6e4.jpg,0,0.9905544305220246
9b3f969629.jpg,0,0.9986999770626426
9b98c05e10.jpg,0,0.9756689
9b9a86e1e4.jpg,0,0.9826639
9baa8c116a.jpg,1,0.9918767213821411
9bc7dbc33b.jpg,1,0.9999462366104126
9bd1a96861.jpg,0,0.9987331146840006
9be8a9e4d9.jpg,0,0.96471715
9bef05b3ec.jpg,1,0.9908181428909302
9bf4250f2b.jpg,1,0.8223216
9c00df02a7.jpg,0,0.97370195
9c23e82777.jpg,1,0.9305423
9c2ad53e9d.jpg,0,0.9667719
9c681f5990.jpg,1,0.9998084902763367
9cd0e176ea.jpg,0,0.98394126
9cf15e3c00.jpg,1,0.9393113255500793
9d0018609b.jpg,0,0.9982118548359722
9d222d0c44.jpg,0,0.9996061675192323
9d5a0e9a1e.jpg,1,0.9902976155281067
9d5e6ad185.jpg,0,0.9967445004731417
9d668b8b02.jpg,1,0.9995521903038025
9d7f5e4855.jpg,1,0.981890857219696
9d833b80ee.jpg,1,0.9947389960289001
9d87b466ac.jpg,0,0.9782662
9d8f8c0957.jpg,0,0.9776904
9d93f959a4.jpg,1,0.9885340332984924
9d9423a169.jpg,1,0.8770626783370972
9dc88ff28b.jpg,0,0.9594732
9e54a38e62.jpg,0,0.9814416840672493
9e5defa2c1.jpg,1,0.9998780488967896
9e8cc2b3f3.jpg,1,0.9993810653686523
9f14829964.jpg,1,0.9995521903038025
9f2a7074ae.jpg,0,0.9994583041989245
9f2e3262f7.jpg,1,0.9998887777328491
9f355da2a4.jpg,0,0.9978838607203215
9f3f1f0374.jpg,0,0.9580855146050453
9f798385f8.jpg,1,0.8912081122398376
9fb6e006e7.jpg,0,0.9663065
9fbdb7cbe2.jpg,0,0.97312886
9fc3aac7cd.jpg,0,0.9935472244396806
9fd17b3752.jpg,1,0.9997432827949524
a00a71c057.jpg,0,0.987196022644639
a00df5c870.jpg,1,0.9997439980506897
a038134cd8.jpg,0,0.9880675571039319
a079efd65d.jpg,0,0.9950256594456732
a082c58398.jpg,1,0.98398906
a0d4e54b8e.jpg,0,0.9652284
a0dcf7a225.jpg,0,0.9911698056384921
a0e9f02b59.jpg,1,0.9971555471420288
a1160c206e.jpg,1,0.9996585845947266
a143f7fb80.jpg,0,0.9984171078540385
a154178826.jpg,1,0.9500719308853149
a185c590fe.jpg,1,0.9997897744178772
a19f3818ad.jpg,0,0.9802004657685757
a1f0bdbeb9.jpg,0,0.978689
a20b6e50db.jpg,0,0.9773078
a227005704.jpg,0,0.997986038448289
a2425bcadb.jpg,0,0.9982724525034428
a25744d38f.jpg,1,0.9970032572746277
a271e50f76.jpg,1,0.9999040365219116
a276cc23ca.jpg,0,0.9973642453551292
a2a51036d2.jpg,1,0.97783864
a2ad7548a1.jpg,1,0.9773615002632141
a2db71985f.jpg,0,0.9993061568820849
a2ec3f7613.jpg,0,0.98220104
a310e633e1.jpg,1,0.967953
a340489240.jpg,0,0.9995589066820685
a3481e525e.jpg,0,0.9999073909639264
a35f554a4a.jpg,1,0.9995521903038025
a370b81ba2.jpg,0,0.9808064978569746
a379c7ae55.jpg,0,0.9975926952902228
a385a5582f.jpg,0,0.97846395
a38b1ac7ae.jpg,0,0.9859104
a38ddeba27.jpg,0,0.9999437800361193
a394a4ca9c.jpg,0,0.8201714903116226
a3dd9878f0.jpg,0,0.998263520305045
a3f9015777.jpg,0,0.9957556589506567
a413f55251.jpg,0,0.9716784
a4245d3dd2.jpg,0,0.9992618873366155
a42a9a3e16.jpg,0,0.9992618873366155
a43e9dbc5a.jpg,0,0.97819203
a461237c22.jpg,0,0.9939173199236393
a46f41276a.jpg,0,0.97616094
a4a11b1e54.jpg,1,0.9998887777328491
a4ad62c721.jpg,0,0.9986135638318956
a520ae8551.jpg,0,0.9653449
a523f3227d.jpg,1,0.997928261756897
a53aaea799.jpg,0,0.9998378198652063
a5591091cd.jpg,1,0.9997439980506897
a568a78aa6.jpg,0,0.96811086
a56a12394d.jpg,0,0.9808064978569746
a589cc8a4f.jpg,0,0.97908586
a5ad7e5bb5.jpg,1,0.9997541308403015
a5e10afb83.jpg,1,0.9986434578895569
a61395f83b.jpg,0,0.98174405
a62a6ecfb5.jpg,0,0.9988392819650471
a67cb14435.jpg,0,0.9964467785321176
a69b905720.jpg,1,0.9954825639724731
a6b3985684.jpg,0,0.97484565
a6b5016c68.jpg,0,0.9791341703385115
a6e8a7cf1b.jpg,1,0.9997702240943909
a6ec9cfb78.jpg,1,0.9866541028022766
a6fb8606c9.jpg,0,0.9730779398232698
a6ffb7d42c.jpg,0,0.9969218848273158
a703309f72.jpg,1,0.9941914677619934
a714f31fc2.jpg,0,0.977839
a71c300844.jpg,1,0.8762462735176086
a7307bb1cc.jpg,0,0.9959241482429206
a737ae22b1.jpg,1,0.9995521903038025
a7432008b7.jpg,0,0.9984886505408213
a7b8a95868.jpg,1,0.9991335272789001
a7cf7a936f.jpg,0,0.97855514
a849f04b34.jpg,0,0.9939158144406974
a84c709e2f.jpg,0,0.9970828455407172
a85072c840.jpg,1,0.9978561997413635
a8909ccfbb.jpg,1,0.9872512817382812
a8bd129599.jpg,0,0.9975645870435983
a8dbd66545.jpg,0,0.985175957903266
a908283cf0.jpg,0,0.9975868538022041
a9484f74b5.jpg,1,0.999489426612854
a94a681a0e.jpg,1,0.9989622831344604
a95401b7fb.jpg,0,0.97777236
a99cfdf792.jpg,1,0.9930203557014465
a9a1459119.jpg,0,0.999175462522544
aa3f6b8b9b.jpg,0,0.991225827485323
aa5863c371.jpg,0,0.9870697921141982
aa6e0b3612.jpg,0,0.9935853201895952
aa7aa9aa08.jpg,0,0.9977532166521996
aaa23e214a.jpg,0,0.9967876912560314
ab215ad4c5.jpg,0,0.9985014143167064
ab28414f6c.jpg,0,0.9994741726550274
ab64f1da10.jpg,0,0.9691749
ab6ec1b1bc.jpg,0,0.9976516540627927
ab86fd367d.jpg,0,0.9968748039100319
abfb060e67.jpg,1,0.7514680027961731
ac2ba4c78f.jpg,0,0.9993637787410989
ac4ce157eb.jpg,0,0.9802004657685757
ac5a4a0d8e.jpg,1,0.9995833039283752
ac69540f73.jpg,0,0.9969982982147485
ac6c7b4272.jpg,0,0.9673639
ac7e79c3d1.jpg,1,0.9991430044174194
ac8fe7e8ba.jpg,1,0.9994626641273499
acafbb3284.jpg,0,0.9924425301142037
acb60be44e.jpg,0,0.9983206882607192
acbfb949e3.jpg,0,0.9992618873366155
accd5b31fd.jpg,0,0.9969995024148375
acf8e7de46.jpg,0,0.9787674
ad0b7711d6.jpg,1,0.9898287057876587
ad1f3613b1.jpg,0,0.9974721118342131
ad34e149ae.jpg,0,0.9808064978569746
ad3ec69afd.jpg,0,0.9991100874613039
ad63a1d363.jpg,1,0.9867814183235168
ad6ee49942.jpg,0,0.9983178087277338
ad70097f04.jpg,0,0.9992618873366155
ad7266d142.jpg,0,0.9963215959724039
ad7e011f95.jpg,0,0.9993602731847204
ad9c4059f5.jpg,0,0.8940834924578667
adb918593f.jpg,0,0.9986135638318956
adf71144c3.jpg,1,0.9925365447998047
ae03d89539.jpg,0,0.9904363248497248
ae1b7b76d0.jpg,0,0.9916695291176438
ae35b6631a.jpg,0,0.9987691265996546
ae5930d570.jpg,1,0.9990347623825073
ae72f4f0a2.jpg,0,0.9983486951095983
ae75b0d7d3.jpg,0,0.9988820817088708
ae7a08ef4e.jpg,0,0.9960741903632879
ae8c20ce56.jpg,0,0.96703154
aead7dbf18.jpg,0,0.9837773
aeb9929926.jpg,0,0.9969447958283126
af337c9640.jpg,1,0.9878677129745483
af4094a12e.jpg,1,0.9996440410614014
af8e1b3b12.jpg,0,0.9991514605353586
afa656cc34.jpg,1,0.9705649018287659
afb4ab9da2.jpg,0,0.9983486951095983
afc543d06a.jpg,0,0.9970304348971695
affa77f599.jpg,0,0.9998818515305175
b01689a245.jpg,0,0.97495246
b021904678.jpg,1,0.9998098015785217
b0296e39ae.jpg,0,0.97361803
b02dc8b85e.jpg,0,0.9989757795119658
b03b77223a.jpg,0,0.9989361685002223
b03f97a7f1.jpg,0,0.9897063560783863
b048f7a441.jpg,0,0.9993622555630282
b04ae661d8.jpg,1,0.9995600581169128
b05b25457b.jpg,1,0.981890857219696
b05dc89f97.jpg,1,0.9934509992599487
b07351ec08.jpg,0,0.9963865815661848
b0a521b7d3.jpg,0,0.9988654841436073
b0d0f3f156.jpg,1,0.9996283054351807
b0f4a8dc34.jpg,1,0.9878677129745483
b128b3f562.jpg,1,0.9935310482978821
b1414024e7.jpg,0,0.9947523665614426
b169fddd2e.jpg,1,0.8817850351333618
b16efafff8.jpg,0,0.9977709529921412
b1744f3e2f.jpg,0,0.9946661908179522
b196966b36.jpg,0,0.9775128
b1a022a4a8.jpg,0,0.9797329
b1b1f28f84.jpg,0,0.9992618873366155
b1b9efd51a.jpg,0,0.9961659014225006
b1fcd7fe9f.jpg,0,0.9782755710184574
b25c0bb777.jpg,1,0.9991620779037476
b28c920655.jpg,0,0.9784691
b2cf6a5b97.jpg,1,0.9980238676071167
b2e76ad269.jpg,1,0.9934509992599487
b2ef1d82a3.jpg,0,0.9789225
b30bff80ab.jpg,1,0.9997362494468689
b3102a72e2.jpg,0,0.9989742927718908
b32bd4a0a7.jpg,0,0.999162218591664
b33f0aac2c.jpg,1,0.98345494
b340225152.jpg,0,0.9786906074732542
b340b88685.jpg,1,0.9998000264167786
b34e40d9d6.jpg,0,0.95298344
b36339c69c.jpg,1,0.999489426612854
b3857db71a.jpg,0,0.9968678809236735
b3b5d1b5a3.jpg,1,0.9990719556808472
b3cf5b254a.jpg,0,0.9983486951095983
b3ebdd0017.jpg,0,0.97705835
b4478d85d7.jpg,0,0.9994889221270569
b449811e79.jpg,0,0.9990459047839977
b4a0e59d8f.jpg,1,0.9997439980506897
b4b0b29169.jpg,1,0.9997439980506897
b4bebc583a.jpg,1,0.9989153146743774
b4c63566cc.jpg,0,0.9989702710881829
b4ed7561dc.jpg,0,0.9962769702542573
b4f6c5581a.jpg,1,0.9837828
b4f8812d3f.jpg,0,0.9987535004038364
b52d8d32bd.jpg,1,0.9997362494468689
b5430d0544.jpg,0,0.97510016
b5a528e10e.jpg,0,0.97422206
b5ac5bc371.jpg,1,0.9991607666015625
b5ad8fdeaa.jpg,0,0.9748444
b5d23185d5.jpg,0,0.97415334
b5f42d6d1c.jpg,0,0.9893630919978023
b5f8ab1502.jpg,1,0.9995521903038025
b5ff9f8012.jpg,0,0.9992045202525333
b61c706dec.jpg,1,0.9981704950332642
b624b11f94.jpg,1,0.9995593428611755
b63a3a772e.jpg,1,0.9998476505279541
b668b265df.jpg,1,0.9405136704444885
b66c19e828.jpg,1,0.9973811507225037
b69f9fe696.jpg,0,0.9754930827766657
b6e5fec0bf.jpg,0,0.9949285839684308
b70f55a3d5.jpg,0,0.9986146672163159
b74681b915.jpg,0,0.96617657
b757f6918d.jpg,1,0.9997362494468689
b77ab34833.jpg,0,0.983142
b7a7526e13.jpg,0,0.9779785
b7b65637e2.jpg,0,0.9987639824394137
b7bc2c7dfb.jpg,1,0.9998118281364441
b814966dfe.jpg,1,0.936721682548523
b81e31ecd4.jpg,0,0.9990066342288628
b842c047f6.jpg,0,0.9350360929965973
b88b2e0348.jpg,1,0.9832018
b8c7e78b4e.jpg,0,0.9713694
b8e8729525.jpg,1,0.9962524771690369
b91537aaa4.jpg,1,0.9998537302017212
b94f58fec7.jpg,0,0.93786985
b950928fa9.jpg,0,0.9881539084017277
b9778feb8b.jpg,1,0.993274450302124
b98ece22a1.jpg,0,0.98004514
b99bdc1f6f.jpg,1,0.9619531035423279
b9d91523bf.jpg,0,0.9987093921517953
b9eef61c05.jpg,0,0.9926628298126161
ba2e222b3f.jpg,1,0.9968683123588562
ba329ecd75.jpg,1,0.991733193397522
ba614cc396.jpg,0,0.9842822
ba94ffbb77.jpg,0,0.97792566
ba9966f438.jpg,0,0.97822034
bab74f5b5f.jpg,0,0.9928168193437159
bb0ea6a8a6.jpg,1,0.9906452894210815
bb1e6421b5.jpg,0,0.97907776
bb2c7b684d.jpg,0,0.9808064978569746
bb2ca20375.jpg,1,0.9985523819923401
bb9fef6bcf.jpg,0,0.9982400104636326
bbbff09b5d.jpg,0,0.9983273558318615
bbd7e87656.jpg,0,0.9973040700424463
bbd885f3d5.jpg,1,0.9952320456504822
bc00c68c92.jpg,0,0.9847182407975197
bc28919682.jpg,0,0.9993378760991618
bc3826feb9.jpg,0,0.9860380282625556
bc4d6dc338.jpg,0,0.98407954
bc661db6e4.jpg,0,0.9021329805254936
bc66243637.jpg,0,0.9963639595080167
bc91442405.jpg,1,0.9998098015785217
bcc389bd10.jpg,0,0.9802351
bcd77f84c6.jpg,1,0.9709298014640808
bce9b6c6e5.jpg,1,0.9986617565155029
bd2b9eaa85.jpg,0,0.9873803509399295
bd821107b4.jpg,0,0.9991117136087269
bd94a70ca1.jpg,1,0.986778974533081
bde58154f4.jpg,1,0.9995521903038025
bdefe38553.jpg,1,0.9972834587097168
be01612c13.jpg,0,0.97173935
be07195038.jpg,0,0.9994500300963409
be093caf08.jpg,1,0.9991620779037476
be10cf3acd.jpg,1,0.9995521903038025
be31252a8d.jpg,0,0.9835957
be54978ee3.jpg,0,0.9962461735121906
be556b2006.jpg,0,0.9329133
be5cbb6969.jpg,0,0.97831726
bea1879cb7.jpg,1,0.9995521903038025
beb53f29bf.jpg,1,0.9909635782241821
bec9dfe123.jpg,0,0.97204566
beeeb7c567.jpg,1,0.9998001456260681
bef63a01b7.jpg,1,0.9870589375495911
bf11379197.jpg,1,0.9465139
bf2152afcb.jpg,1,0.9900166392326355
bf25e200e9.jpg,0,0.9721706
bf7e143c4f.jpg,0,0.9902386832982302
bfaa10361e.jpg,1,0.9997439980506897
bfde6f262f.jpg,0,0.9670787
bff0bd4686.jpg,0,0.9990052890498191
c010159f8b.jpg,1,0.9921408891677856
c01e827945.jpg,1,0.89366573
c033055163.jpg,1,0.9997231364250183
c04d69e99b.jpg,1,0.9998477697372437
c06b8a31bd.jpg,1,0.9995521903038025
c0b365742c.jpg,1,0.95017743
c0c7f9c928.jpg,0,0.9992618873366155
c0cf789a6d.jpg,1,0.9995521903038025
c1186a8f48.jpg,0,0.9893514132127166
c15c976e1c.jpg,1,0.9997432827949524
c1824c587e.jpg,0,0.9737737644463778
c21908bfed.jpg,0,0.9983486951095983
c22f136f48.jpg,0,0.9743465
c2521f01ed.jpg,0,0.999697052873671
c257372a2c.jpg,0,0.9899362605065107
c27373661a.jpg,0,0.9995594479260035
c2ab1bab6e.jpg,1,0.9994041919708252
c2cb729af4.jpg,0,0.9969218848273158
c2fa6c4810.jpg,0,0.9947506664320827
c3122912da.jpg,1,0.9995477795600891
c34d5fa131.jpg,0,0.9846052
c36cf05121.jpg,0,0.9992618873366155
c37847b4a8.jpg,0,0.9983486951095983
c394bc5bb3.jpg,0,0.9960940452292562
c3a8c89d1d.jpg,0,0.9709293
c3ce27485e.jpg,0,0.998939243494533
c3e67a5aaa.jpg,1,0.9985975623130798
c3f053b713.jpg,0,0.980396406725049
c3f1525fdb.jpg,0,0.9909400753676891
c3fbd36fe7.jpg,0,0.9938656995072961
c409f975f9.jpg,0,0.9734032
c4101562e8.jpg,0,0.9939521970227361
c43574f4ae.jpg,0,0.9993990891380236
c472d6bbe9.jpg,1,0.9986411929130554
c485638924.jpg,0,0.9834627974778414
c49c3deecb.jpg,0,0.9997310652397573
c4a2e75cc7.jpg,1,0.9997362494468689
c4a43e8692.jpg,0,0.9648667
c4c0929b6a.jpg,0,0.9967098131310195
c4f8466ea7.jpg,0,0.97777665
c515d7057a.jpg,1,0.9994978904724121
c52f2fe726.jpg,0,0.9863277915865183
c5474f731c.jpg,0,0.9944260008633137
c5d0dba737.jpg,1,0.9991607666015625
c66d8abcdf.jpg,0,0.9308504164218903
c675a8ed2c.jpg,1,0.7465964
c678fb3422.jpg,1,0.936721682548523
c6842415ee.jpg,0,0.9972170498222113
c6bcd410e8.jpg,1,0.9932374954223633
c6cfe6922a.jpg,1,0.9995521903038025
c6f3122b18.jpg,1,0.9997362494468689
c6fcc885b7.jpg,0,0.9657962
c6fffd398b.jpg,0,0.96743596
c70fc39660.jpg,1,0.989366352558136
c72421c52d.jpg,1,0.9841451
c748cf7228.jpg,0,0.9988950319821015
c7608d04a8.jpg,1,0.9996440410614014
c77a57af77.jpg,0,0.96558297
c7e8abad47.jpg,1,0.96586823
c7f115e30f.jpg,0,0.97879183
c7ff5ae004.jpg,1,0.9983906745910645
c8271ebdd3.jpg,1,0.9991335272789001
c88273a425.jpg,1,0.9986453652381897
c88d980a0d.jpg,1,0.9997507929801941
c89b190c01.jpg,1,0.9995833039283752
c89dfd3cab.jpg,0,0.9904821142554283
c8d5fb1f24.jpg,0,0.9997943499620305
c93c4b4f8e.jpg,1,0.9547606
c997933199.jpg,0,0.9964417170267552
c9c89eddad.jpg,1,0.9997945427894592
c9d1b11d22.jpg,0,0.9984871768392622
c9dce0e4d1.jpg,0,0.9999392177451227
c9debe95a6.jpg,0,0.9992238149861805
ca16aac716.jpg,0,0.991459958255291
ca170dfb10.jpg,0,0.9992238149861805
ca1cdcf365.jpg,1,0.9288220405578613
ca1e59ec1a.jpg,0,0.9786906074732542
ca4fa5b532.jpg,0,0.976184
ca73db110c.jpg,1,0.9673401
ca78e689f5.jpg,0,0.9983486951095983
caab91f306.jpg,0,0.97479385
caeb84781a.jpg,0,0.9745293
caf4242a46.jpg,0,0.9722606
cb0956312c.jpg,0,0.9803626
cb1f9d4a23.jpg,0,0.9969126100186259
cb3960572a.jpg,1,0.9809765219688416
cb441b8a66.jpg,0,0.9949350226670504
cb51799cbd.jpg,0,0.9978383167181164
cb53b43fe1.jpg,0,0.9960624277591705
cb85b65ea3.jpg,1,0.9906452894210815
cb9a9ebdcc.jpg,0,0.999209568137303
cb9d1c5e2a.jpg,0,0.9792238809168339
cbc68cde81.jpg,1,0.9941914677619934
cbd887be60.jpg,1,0.9927842617034912
cbec3f8e05.jpg,0,0.9944269550032914
cc0c484f95.jpg,0,0.9988902860786766
cc4d4319b3.jpg,0,0.9948751456104219
cc9addcae2.jpg,0,0.9918518289923668
cc9b0b4850.jpg,1,0.9286987781524658
cca4bb57bc.jpg,0,0.9979988124687225
ccbd332c1f.jpg,0,0.97607875
ccdc6d3730.jpg,1,0.9991430044174194
ccff220cf4.jpg,1,0.9995833039283752
cdb49373b9.jpg,1,0.9998065829277039
cdd0b04f9e.jpg,0,0.9697509
cde38b68ea.jpg,0,0.9983486951095983
cde39bb303.jpg,0,0.9947506664320827
ce91f9e101.jpg,1,0.999584972858429
cebe4eba9e.jpg,1,0.9995521903038025
cef73d9cca.jpg,0,0.9862640565261245
cf25405e0e.jpg,0,0.9985285541042686
cf733c9d4e.jpg,1,0.9893454909324646
cf7ab3ef73.jpg,0,0.986819482408464
cfa51a43a9.jpg,1,0.9902662634849548
cfa8953bc5.jpg,0,0.9822757
cff539fcfd.jpg,1,0.9991127848625183
cff96bb059.jpg,0,0.9802004657685757
d0135780e2.jpg,0,0.97748905
d0843d5e4d.jpg,0,0.9999135736507014
d09331530f.jpg,0,0.9827776942402124
d09eff5209.jpg,0,0.9978576051071286
d0c198ab9b.jpg,0,0.9995121026877314
d12e8e7afc.jpg,0,0.9744493
d1656e0b93.jpg,0,0.9763737
d18a6b185d.jpg,0,0.9725748710334301
d18b4046c6.jpg,0,0.974859
d197ab077e.jpg,0,0.9992618873366155
d1f4cff5f8.jpg,0,0.9723226
d23b10d098.jpg,0,0.9773358013480902
d256a1487e.jpg,0,0.9991109426482581
d25b3fd383.jpg,1,0.9837605
d261273b26.jpg,1,0.9900460839271545
d26cac5b31.jpg,1,0.9995728135108948
d26e9b2b9f.jpg,0,0.9971697817090899
d29f55b86a.jpg,0,0.9820854
d30428fe4f.jpg,0,0.989638788625598
d32a7f0f4e.jpg,0,0.9978773077018559
d33ec13560.jpg,0,0.9646034
d34fa0b22b.jpg,1,0.8876952
d3511ac272.jpg,0,0.9986877730116248
d39f7e9a8f.jpg,0,0.997038472443819
d3a9703b69.jpg,0,0.9984775588382035
d3ae203463.jpg,0,0.9759833
d3b265df4a.jpg,0,0.9999431221440318
d3c34099ef.jpg,0,0.9988882296020165
d3d02a2362.jpg,0,0.9947506664320827
d3ee895adb.jpg,0,0.97440505
d400c23e7a.jpg,0,0.9991173007292673
d45c830a88.jpg,1,0.9995521903038025
d46ae6c74f.jpg,1,0.9997439980506897
d4986be1ce.jpg,1,0.9994250535964966
d4a5ef4f32.jpg,0,0.9799974
d4bffe87e3.jpg,1,0.9895424842834473
d4e507225a.jpg,0,0.9819009304046631
d5028db429.jpg,0,0.9867761954665184
d513437755.jpg,0,0.9840882
d5225b322f.jpg,1,0.9935310482978821
d53af0ad07.jpg,1,0.97510207
d54582d2d8.jpg,0,0.9993637787410989
d563a2956f.jpg,0,0.98246336
d56a6fa3df.jpg,0,0.9931598417460918
d5ad87fd09.jpg,0,0.9791357
d5b7195f04.jpg,1,0.999794065952301
d5be76a29b.jpg,0,0.9782113
d5e40cf80b.jpg,0,0.9350360929965973
d5f9ae0e5f.jpg,0,0.9988791310461238
d63ab402f6.jpg,1,0.9996591806411743
d63d6f3fbb.jpg,0,0.9795019
d69e32b486.jpg,0,0.9275120124220848
d6b6176dae.jpg,1,0.9997362494468689
d6bd394305.jpg,0,0.94532514
d6e46da7ea.jpg,0,0.98249775
d6e9e7bc1e.jpg,0,0.9802004657685757
d725bffbb9.jpg,0,0.997019155882299
d72ea5f9b6.jpg,1,0.9998098015785217
d743e54022.jpg,0,0.9741799
d759a9cef8.jpg,0,0.9744377
d789c8067a.jpg,0,0.9794241
d78ff079a6.jpg,1,0.9934619665145874
d7d6d51b68.jpg,1,0.9995728135108948
d7de5a3b27.jpg,1,0.986242413520813
d7e7beb717.jpg,1,0.9978158473968506
d7ee5d1f96.jpg,0,0.9845927972346544
d805d58090.jpg,0,0.9981273027369753
d858292db5.jpg,0,0.974051
d87512a8cc.jpg,1,0.9898114800453186
d878debe3d.jpg,0,0.9936712100170553
d89d59c7ef.jpg,0,0.9934917325153947
d8ac7ee135.jpg,0,0.9998535222111968
d8b51f706a.jpg,0,0.97496223
d8e353d3d3.jpg,0,0.9986622715368867
d923be8a69.jpg,1,0.9997013211250305
d98b16c580.jpg,1,0.9912309646606445
d990650785.jpg,0,0.9808064978569746
d9d8b29fc9.jpg,0,0.9838081
d9da9e5fa3.jpg,0,0.9931494584307075
da13ee3a96.jpg,1,0.9929425716400146
da4c06d7b7.jpg,0,0.9961480521596968
da512d4223.jpg,0,0.9430752322077751
da539560d5.jpg,0,0.9812727
da92ef93aa.jpg,0,0.998226864147
da9b06dde2.jpg,1,0.9998000264167786
dac3f1bb85.jpg,0,0.9797447
db11e29c70.jpg,0,0.998737586545758
db2c73bd31.jpg,0,0.9969235805328935
db7daeb1c6.jpg,1,0.9995477795600891
db81d82ae7.jpg,0,0.9957156260497868
dba9dc4aa7.jpg,1,0.9990342855453491
dbc96c9ad6.jpg,1,0.9663633704185486
dbca91f3cf.jpg,0,0.9991052143159322
dbe967435a.jpg,0,0.9802004657685757
dc0d8a6480.jpg,0,0.9913777178153396
dc5225e4be.jpg,0,0.9969218848273158
dc79bcd510.jpg,0,0.9872817769646645
dd0a309a5f.jpg,1,0.9958867430686951
dd195dbc9e.jpg,0,0.9984245103551075
dd28b464ce.jpg,0,0.9995967010909226
dd3d0c3097.jpg,1,0.9996585845947266
dd414fbe9b.jpg,0,0.9789378
dd80509aed.jpg,0,0.79072493
ddb72982ea.jpg,0,0.9860879564657807
ddbaf4d43f.jpg,0,0.97798413
de4044074c.jpg,1,0.9816142916679382
de4356a201.jpg,0,0.9977411632426083
de785c091e.jpg,1,0.9851436018943787
de9d1cfcde.jpg,0,0.9968862899113446
deaa2110ff.jpg,0,0.9712341
deac3cd949.jpg,1,0.9884571433067322
decb07312e.jpg,0,0.9969128491356969
dee60734de.jpg,0,0.9972859092522413
defd3c527f.jpg,1,0.9964079260826111
df0ee5297a.jpg,1,0.96601415
df3f21c8f2.jpg,0,0.9989933597389609
df61120065.jpg,1,0.9705649018287659
df6ea35948.jpg,0,0.9768638126552105
df7270c070.jpg,1,0.9999250173568726
dfcaf47565.jpg,0,0.98333675
dfd3d445f2.jpg,0,0.9816549
dffebf1997.jpg,0,0.996326150605455
e000433a24.jpg,0,0.9746021
e00f803cc8.jpg,0,0.9983486951095983
e0134fd061.jpg,0,0.9990735396859236
e0230c23d8.jpg,0,0.97905445
e062b9a2b5.jpg,0,0.96017957
e06a5dc784.jpg,1,0.9986955523490906
e0857f4089.jpg,0,0.9985843234462664
e0a9ccb61e.jpg,0,0.9698457
e0c09d5d75.jpg,0,0.9719173
e0fd2acffa.jpg,0,0.9798624
e11ca86d46.jpg,0,0.96495306
e11cb2491e.jpg,1,0.9879552125930786
e140c11d8f.jpg,1,0.9995521903038025
e1506ba4e6.jpg,0,0.9832948
e1525a2e4b.jpg,0,0.9741121
e16e7d4cf6.jpg,1,0.9994626641273499
e197b0b9d2.jpg,1,0.9893978834152222
e19a6b1417.jpg,1,0.9878677129745483
e19ad17769.jpg,0,0.9934776490554214
e1b45d3dc4.jpg,1,0.9656317234039307
e1bc0f14f9.jpg,1,0.9995728135108948
e1ddd5c6fb.jpg,0,0.9665011651813984
e1e286fdd0.jpg,1,0.9924004077911377
e2105a439d.jpg,0,0.9641183
e21e458ad2.jpg,0,0.9021329805254936
e2337d49fb.jpg,0,0.92176044
e238eb8f2f.jpg,0,0.9967196870129555
e26188bd9b.jpg,0,0.9989477036288008
e26d94f36d.jpg,1,0.9935310482978821
e2870129a7.jpg,0,0.9949698178097606
e2936bd072.jpg,0,0.9313503950834274
e297262d66.jpg,1,0.9992979764938354
e2a5d749e1.jpg,1,0.9993988275527954
e2e9e74d35.jpg,1,0.9935310482978821
e36067d32b.jpg,1,0.9934509992599487
e36c9f0276.jpg,1,0.9996880292892456
e37aa7938f.jpg,1,0.9998582601547241
e39c0af8ba.jpg,0,0.9947506664320827
e3b89cc35d.jpg,0,0.9990572995739058
e3bce8c15d.jpg,0,0.9946011970750988
e3c0c02068.jpg,0,0.9966889468487352
e4190f0ca6.jpg,0,0.9868680303916335
e4908ed25e.jpg,0,0.9802004657685757
e4a7e17283.jpg,0,0.9995543007098604
e4e33eaaac.jpg,0,0.995614857878536
e4e7baba5f.jpg,0,0.963875
e4fa522f40.jpg,1,0.9998875856399536
e4fc2788dc.jpg,1,0.9931650757789612
e501846f70.jpg,1,0.9942625164985657
e5018f669c.jpg,1,0.9978156089782715
e513bd25c5.jpg,1,0.66948885
e525632498.jpg,1,0.98408866
e554ae7e23.jpg,0,0.9777746
e563152bf3.jpg,0,0.9954423550516367
e5691b6cb1.jpg,1,0.9997120499610901
e56aebe396.jpg,0,0.9988777170656249
e5bd747b1f.jpg,1,0.9878677129745483
e5c10eb943.jpg,0,0.996973188361153
e5d17a312b.jpg,1,0.9829824566841125
e60eef6ec5.jpg,1,0.9922001957893372
e655db6735.jpg,0,0.98070323
e65ede6d0f.jpg,0,0.9806948
e68ade9f59.jpg,0,0.9787192
e6a6243535.jpg,1,0.9842153
e6ade3d5f9.jpg,0,0.9991514605353586
e6d5a441ec.jpg,0,0.9973434596322477
e6dd941c26.jpg,1,0.9998413324356079
e6e062aad1.jpg,0,0.9947506664320827
e6ee7f3ebb.jpg,0,0.9668133
e6fa707391.jpg,0,0.9988701170077547
e709c8ed9f.jpg,0,0.8115097
e72b8a86f0.jpg,1,0.9825349450111389
e73401051e.jpg,0,0.96657735
e784503d99.jpg,0,0.9935794789344072
e7a2cf71c0.jpg,0,0.9861604059115052
e7ac8c5006.jpg,0,0.9753924
e7b94b6345.jpg,1,0.9998887777328491
e7bcde452f.jpg,0,0.997835204238072
e7d18745f4.jpg,0,0.9808064978569746
e7dd0d9f80.jpg,0,0.9798146
e7e8f2fd60.jpg,1,0.9994687438011169
e7eddc4859.jpg,0,0.9644879288971424
e815f750d0.jpg,0,0.9979882971383631
e87258a653.jpg,0,0.97675484
e8afed0ae8.jpg,0,0.9962935589719564
e8b076f9e9.jpg,1,0.9989995360374451
e8e08c0b7d.jpg,0,0.9996817025821656
e8e2695121.jpg,0,0.9985570440767333
e8f5a7189f.jpg,1,0.9934112429618835
e8fef602b5.jpg,0,0.96654487
e93ea11b14.jpg,0,0.9989723673788831
e9619e977e.jpg,1,0.9995477795600891
e9a81dc85e.jpg,1,0.9994206428527832
e9debf881c.jpg,0,0.9754902
e9f1badc8c.jpg,0,0.96461165
ea12555331.jpg,1,0.9996975660324097
ea2c6698a5.jpg,0,0.9942378415726125
ea3ba58395.jpg,0,0.982529453933239
ea85c3c864.jpg,0,0.9997603928786702
ea978b893c.jpg,1,0.9998894929885864
eac1ce803d.jpg,0,0.9970924039371312
eaca323367.jpg,0,0.9984639788744971
ead704d0af.jpg,0,0.9986005496466532
eaec353235.jpg,1,0.9997594952583313
eb4fd14df2.jpg,1,0.9796446561813354
eb7e3d6776.jpg,1,0.9996693134307861
ebda497c20.jpg,1,0.9934509992599487
ebf5596c67.jpg,0,0.96485347
ec0a1ccd7d.jpg,0,0.9996278588077985
ec1eba85b9.jpg,0,0.9983486951095983
ec2c28342a.jpg,0,0.9974866712000221
ec2e5b8bf7.jpg,0,0.9782137
ec7635a2b4.jpg,1,0.983993649482727
ec8bad5d91.jpg,1,0.981890857219696
ec9d148745.jpg,0,0.8342351913452148
ecf29f03c2.jpg,0,0.9992146117729135
ed1b5f8239.jpg,0,0.9818195700645447
ed746f7ece.jpg,0,0.9968052625190467
ed8bd2ff13.jpg,0,0.9994481897447258
edb3dc8186.jpg,0,0.9751692
edc041f550.jpg,1,0.9998098015785217
edc3d0e61d.jpg,0,0.9736039
eddbc3a48d.jpg,0,0.9783161
ede73b3b4d.jpg,1,0.8817850351333618
ee02079127.jpg,0,0.98478645
ee1a2909a1.jpg,1,0.9998109936714172
ee3e27eeb5.jpg,1,0.9843093
ee41aefafc.jpg,1,0.945148
ee4a7078a1.jpg,0,0.9991703313426115
ee4d037a1a.jpg,1,0.987798810005188
ee6aa698d6.jpg,0,0.9762331
ee7aec4d54.jpg,0,0.99909444473451
ee85f624fc.jpg,0,0.9849347257986665
ee8862ce4f.jpg,1,0.8817850351333618
eee488e8fe.jpg,0,0.97613734
ef289b74fc.jpg,1,0.9995521903038025
ef67db37e8.jpg,0,0.9987838442903012
ef84874865.jpg,0,0.9949021604843438
ef9c959c10.jpg,1,0.98316836
efb1c6ea4a.jpg,0,0.97524774
efca713470.jpg,0,0.981249
efcd7d6962.jpg,1,0.9997439980506897
efe80171ca.jpg,0,0.96916425
eff0cfe9a3.jpg,0,0.9861251469701529
effc0fc293.jpg,0,0.97346175
f0158f240a.jpg,0,0.97953576
f05d938d47.jpg,0,0.9991453067050315
f099fc7693.jpg,1,0.9990285634994507
f0cc4b9d26.jpg,0,0.9612278938293457
f14b5f9cef.jpg,1,0.9998874664306641
f18538b3d4.jpg,0,0.9783406108617783
f18a3c5068.jpg,1,0.9997337460517883
f1ae81c507.jpg,0,0.9880176382139325
f1ca55835d.jpg,1,0.98233277
f20e894e9c.jpg,1,0.9989583492279053
f2b0b58300.jpg,0,0.9794997
f2bd7fe05b.jpg,0,0.9999160732986638
f2c3cbd9ff.jpg,0,0.9989526020362973
f2de8721f7.jpg,0,0.9399419
f2de89b05d.jpg,0,0.96661466
f2e431cc6e.jpg,0,0.997904930729419
f3273a316d.jpg,1,0.9995477795600891
f389fd168c.jpg,1,0.9991973042488098
f3973840d0.jpg,1,0.9997362494468689
f3f816b979.jpg,0,0.9773358013480902
f425e8793a.jpg,0,0.9944581775926054
f452ce92ab.jpg,1,0.9998190999031067
f4a0e5c459.jpg,0,0.9865808198228478
f4c1dd8578.jpg,1,0.9992979764938354
f4c27e8a13.jpg,1,0.9987537860870361
f4d9cc55c6.jpg,0,0.9897678345441818
f501030abd.jpg,1,0.9991127848625183
f50e281f55.jpg,1,0.9709298014640808
f50f511941.jpg,1,0.9995477795600891
f51b039c59.jpg,0,0.9850965635851026
f51d12b8e3.jpg,1,0.9948996901512146
f5233df09e.jpg,0,0.949145
f53ec81c0a.jpg,0,0.9982874531997368
f56de8a3fe.jpg,1,0.9997900128364563
f59bf5ff79.jpg,1,0.9848487
f5b183aa8c.jpg,0,0.9986135638318956
f5c679c421.jpg,0,0.986382425762713
f5f50fbd14.jpg,0,0.9854910960420966
f5f5bf3e2d.jpg,0,0.9870935855433345
f6706a982f.jpg,0,0.97458726
f674c64e54.jpg,0,0.9777085
f683f91d0b.jpg,1,0.9997004270553589
f689a22ec5.jpg,0,0.9932615496218204
f69dfc3367.jpg,0,0.99909444473451
f6a5915841.jpg,1,0.9835791
f6d95cab4c.jpg,0,0.9779971
f6e649ebbc.jpg,0,0.98651082534343
f6f802939b.jpg,0,0.9988654841436073
f71fb83397.jpg,1,0.9905331134796143
f743c46844.jpg,1,0.9991127848625183
f74b966299.jpg,0,0.9826182
f74c705913.jpg,1,0.9995253086090088
f74cedff10.jpg,1,0.999489426612854
f762676312.jpg,0,0.96629846
f79f6f04d0.jpg,1,0.9924368262290955
f7a44ecade.jpg,0,0.9895092258229852
f7b0ffd82b.jpg,0,0.998418464558199
f7e5ed0d0c.jpg,1,0.9997460246086121
f84fabb941.jpg,1,0.9997362494468689
f85644eeb1.jpg,1,0.9998118281364441
f8a1302d09.jpg,0,0.9994369631167501
f8a30caef4.jpg,0,0.999379729910288
f8b937a066.jpg,0,0.9944000393152237
f8df601c50.jpg,0,0.9794555
f8ee075c6d.jpg,0,0.9808064978569746
f8f5c399a9.jpg,1,0.9998155236244202
f8ff64b2de.jpg,1,0.9971069693565369
f90a048ecd.jpg,0,0.9760768
f937ce30ee.jpg,0,0.9784817
f9409479c8.jpg,1,0.9898287057876587
f949cd3b02.jpg,0,0.9979345200117677
f94dd4ec33.jpg,0,0.9831187762320042
f950cd79b0.jpg,0,0.9759167227894068
f963a155e9.jpg,1,0.9979567527770996
f98a686152.jpg,0,0.9963365474250168
f9a6ed67f4.jpg,1,0.9997439980506897
fa148bd115.jpg,0,0.9967089514248073
fa24516c90.jpg,0,0.9977103730197996
fa3ab08945.jpg,0,0.9772536
fa62d20f6b.jpg,0,0.998699554707855
fa7efaa482.jpg,0,0.97271085
fa8a7779eb.jpg,0,0.9768793
fab08ab620.jpg,1,0.9997305274009705
fac191da2f.jpg,0,0.963461734354496
fb06bb2cf5.jpg,0,0.9975922785233706
fb4134c736.jpg,1,0.9909517765045166
fb6660a006.jpg,0,0.9021329805254936
fb95212b49.jpg,0,0.998528934433125
fb9c751432.jpg,0,0.9897840050980449
fba4924562.jpg,1,0.9808487892150879
fbaa532b13.jpg,0,0.9774441
fbc713ac9e.jpg,0,0.9885017350316048
fc564ca875.jpg,1,0.959982693195343
fc7136f9b4.jpg,1,0.9995521903038025
fc77c23f11.jpg,0,0.9683183
fcb9c2843a.jpg,1,0.9950763583183289
fcec852616.jpg,0,0.9973966672550887
fcf1d07be1.jpg,0,0.9701043
fcff2e97b3.jpg,0,0.9744693
fd1a71a278.jpg,1,0.9988527297973633
fd2d730661.jpg,0,0.9964019400067627
fd56d6b0ff.jpg,0,0.9996434181230143
fd5f7a4fed.jpg,0,0.995673009660095
fd6490a6bf.jpg,0,0.9796631
fd784e1b7e.jpg,0,0.9999174664044403
fd8146ff6f.jpg,0,0.99127824511379
fd9a292cfb.jpg,0,0.9780437
fdd6682312.jpg,0,0.9922273592092097
fdd9ac73ec.jpg,0,0.97686076
fddfe49379.jpg,0,0.9995840294868685
fded38ac6d.jpg,0,0.9954361785203218
fe327dfdb2.jpg,1,0.9996224641799927
fe3ac677f8.jpg,1,0.9788528084754944
fe4d3a9845.jpg,1,0.9996585845947266
fe9a3b42db.jpg,1,0.9998887777328491
fea50d9ae0.jpg,1,0.9691113829612732
feb053c8a1.jpg,1,0.9995477795600891
fec6a80c09.jpg,0,0.9670629
fee1144f47.jpg,0,0.98394233
fefcd4738a.jpg,0,0.99563854560256
ff21dce514.jpg,1,0.9998453855514526
ff29046117.jpg,0,0.9997227007406764
ff3a7fc02b.jpg,0,0.9777393
ff4bd9dbf1.jpg,0,0.9874905776232481
ff5124e69e.jpg,0,0.96017486
ff893ed088.jpg,1,0.9986094236373901
ffbd4994a3.jpg,0,0.9986048339633271
ffd3a11821.jpg,0,0.9986125481082126
ffd7ae3605.jpg,1,0.9997439980506897
ffe2852ea3.jpg,1,0.9985350370407104
fff9eab410.jpg,0,0.9604099877178669
